<?xml version="1.0" encoding="UTF-8"?>
<templates id="template" xml:space="preserve">

<!--    <t t-extend="Chrome">-->
<!--        <t t-jquery="div[class='subwindow-container']" t-operation="prepend">-->
<!--            <div class="swiper-container">-->
<!--                <div class="swiper-wrapper">-->
<!--                    <div class="swiper-slide swiper_buttons_list">-->
<!--                        <div class="buttons_pane">-->
<!--                            <div class="button-list"/>-->
<!--                        </div>-->
<!--                    </div>-->
<!--                    <div class="swiper-slide swiper_order_widget"/>-->
<!--                    <div class="swiper-slide swiper_product_widget"/>-->
<!--                </div>-->
<!--            </div>-->
<!--        </t>-->
<!--    </t>-->
<!--    -->
<!--    <t t-name="mobile_widget">-->
<!--        <div class="oe_status shop_logo mobile-mode" title="Switch Mobile Mode">-->
<!--            <img class="logo_shop_header" src="/pos_retail/static/src/icons/devices.png"/>-->
<!--        </div>-->
<!--    </t>-->

<!--    <t t-name="pc_widget">-->
<!--        <div class="shop_logo" title="Switch PC Mode">-->
<!--            <img class="logo_shop_header" src="/pos_retail/static/src/icons/devices.png"/>-->
<!--        </div>-->
<!--    </t>-->

</templates>
