<?xml version="1.0" encoding="UTF-8"?>
<templates id="template" xml:space="preserve">

    <t t-name="ExampleForm">
        <div role="dialog" class="modal-dialog">
            <div class="popup full-form touch-scrollable scrollable-y">
                <div class="card">
                    <div class="card-content">
                        <h4 class="card-title"><t t-esc=" widget.options.title || '' " /></h4>
                        <div class="col-md-4 col-sm-4">
                            <div class="form-group label-floating">
                                <div class='client-picture'>
                                    <t><i class='fa fa-camera'></i></t>
                                    <input type='file' class='image-uploader'></input>
                                </div>
                            </div>
                        </div>
                        <div class="client-details-box clearfix">
                            <div class="client-details-left">
                                <div class="row">
                                    <span class='label voucher-label'>
                                        Name
                                    </span>
                                    <input class="form-control partner_input input_required" name="name" required="true" />
                                </div>
                            </div>
                            <div class="client-details-right">
                                <div class="row">
                                    <span class='label voucher-label'>Birthday</span>
                                    <input class="form-control partner_input datepicker" name="birthday_date"/>
                                </div>
                            </div>
                        </div>
                        <span class="card-issue"/>
                        <div class="form-footer text-center">
                            <div class="btn btn-success pull-right confirm">
                                Confirm <i class="fa fa-keyboard"></i> (Enter)
                            </div>
                            <div class="btn btn-danger pull-left cancel">
                                Close <i class="fa fa-keyboard"></i> (ESC)
                            </div>
                        </div>
                    </div>
                </div>
            </div>
        </div>
    </t>

</templates>