<?xml version="1.0" encoding="UTF-8"?>
<templates id="template" xml:space="preserve">

    <t t-name="PriceListWidget">
        <div class="categories pricelist-list">
            <div class="category-list-scroller touch-scrollable">
                <div class="category-list">
                    <t t-foreach="widget.pos.pricelists || []" t-as="pricelist">
                        <span class="category-simple-button js-category-switch service" t-att-id="pricelist.id">
                            <t t-esc="pricelist.name"/>
                        </span>
                    </t>
                    <span class="category-simple-button js-category-switch numpad-backspace">
                        <img src="/point_of_sale/static/src/img/backspace.png" width="24" height="21" alt="Backspace"/>
                    </span>
                </div>
            </div>
        </div>
    </t>

</templates>
