<?xml version="1.0" encoding="UTF-8"?>
<templates id="template" xml:space="preserve">

    <t t-name="popup_set_locations">
        <div class="modal-dialog">
            <div class="popup popup-selection">
                <div class="card">
                    <h4 class="card-title">
                        <t t-esc=" widget.options.title || 'Select Stock Locations' " />
                    </h4>
                    <t t-if="widget.options.body">
                        <p class="body"><t t-esc=" widget.options.body || '' " /></p>
                    </t>
                    <div class="card-content">
                    </div>
                    <span class="card-issue"/>
                    <div class="form-footer text-center">
                        <div class="btn btn-success pull-right confirm">
                            Apply <i class='fa fa-keyboard'/> (Enter)
                        </div>
                        <div class="btn btn-danger pull-left cancel">
                            Close <i class='fa fa-keyboard'/> (ESC)
                        </div>
                    </div>
                </div>
            </div>
        </div>
    </t>

    <t t-name="locations_list">
        <t t-if="locations" >
            <div class='selection scrollable-y touch-scrollable'>
                <t t-set="number" t-value="1"/>
                <t t-foreach="locations || []" t-as="location">
                    <div class='selection-item' t-att-data-id="location.id">
                        <t t-esc="location.name"/>
                    </div>
                </t>
            </div>
        </t>
    </t>

    <t t-name="popup_set_location">
        <div class="modal-dialog">
            <div class="popup popup-selection">
                <div class="card">
                    <t t-if="widget.options.title">
                        <h4 class="card-title">
                            <t t-esc="widget.options.title"/>
                        </h4>
                    </t>
                    <t t-if="widget.options.body">
                        <p class="body"><t t-esc=" widget.options.body || '' " /></p>
                    </t>
                    <div class="card-content">
                    </div>
                    <span class="card-issue"/>
                    <div class="form-footer text-center">
                        <span class="btn btn-danger pull-left cancel">
                            Close <i class='fa fa-keyboard'/> (ESC)
                        </span>
                    </div>
                </div>
            </div>
        </div>
    </t>

    <t t-name="button_set_locations">
        <div class="launchpad-app-container">
            <a>
                <div class="launchpad-app-icon">
                    <img src="/pos_retail/static/src/icons/categories.png" width="100%"/>
                </div>
                <div class="launchpad-app-label">
                    Check All Locations
                </div>
            </a>
        </div>
    </t>

    <t t-name="button_set_location">
        <div class="launchpad-app-container">
            <a>
                <div class="launchpad-app-icon">
                    <img src="/pos_retail/static/src/icons/warehouse.png" width="100%"/>
                </div>
                <div class="launchpad-app-label">
                    <t t-if="widget.pos.get_picking_source_location()">
                        Location selected: <t t-esc="widget.pos.get_picking_source_location()['name']"/>
                    </t>
                </div>
            </a>
        </div>
    </t>

    <t t-name="button_check_stock">
        <div class="launchpad-app-container">
            <a>
                <div class="launchpad-app-icon">
                    <img src="/pos_retail/static/src/icons/warehouse.png" width="100%"/>
                </div>
                <div class="launchpad-app-label">
                    Checking Stock Inventories
                </div>
            </a>
        </div>
    </t>

</templates>