<?xml version="1.0" encoding="UTF-8"?>
<templates id="template" xml:space="preserve">

    <t t-name="ServiceChargeWidget">
        <div class="categories service-list">
            <div class="category-list-scroller touch-scrollable">
                <div class="category-list">
                    <t t-foreach="widget.pos.services_charge || []" t-as="service">
                        <span class="category-simple-button js-category-switch service" t-att-id="service.id">
                            Charge
                            <t t-if="service.type == 'percent'">
                                <t t-esc="service.amount"/>%</t>
                            <t t-if="service.type !== 'percent'">
                                <t t-esc="widget.format_currency(service.amount)"/>
                            </t>
                        </span>
                    </t>
                    <span class="category-simple-button js-category-switch numpad-backspace">
                        <img src="/point_of_sale/static/src/img/backspace.png" width="24" height="21" alt="Backspace"/>
                    </span>
                </div>
            </div>
        </div>
    </t>

</templates>
