<odoo>
    <data noupdate="0">



        <record id="barcode_rule_voucher" model="barcode.rule">
            <field name="name">Escanear comprobante</field>
            <field name="barcode_nomenclature_id" ref="barcodes.default_barcode_nomenclature"/>
            <field name="sequence">100</field>
            <field name="type">voucher</field>
            <field name="encoding">ean13</field>
            <field name="pattern">999.*</field>
        </record>

        <record id="barcode_rule_return_order" model="barcode.rule">
            <field name="name">Orden de devolución</field>
            <field name="barcode_nomenclature_id" ref="barcodes.default_barcode_nomenclature"/>
            <field name="sequence">101</field>
            <field name="type">order</field>
            <field name="encoding">ean13</field>
            <field name="pattern">.*</field>
        </record>

        <record id="barcode_rule_login_security" model="barcode.rule">
            <field name="name">Seguridad de inicio de sesión</field>
            <field name="barcode_nomenclature_id" ref="barcodes.default_barcode_nomenclature"/>
            <field name="sequence">102</field>
            <field name="type">login_security</field>
            <field name="encoding">ean13</field>
            <field name="pattern">041</field>
        </record>

        <record id="barcode_rule_fast_order_number" model="barcode.rule">
            <field name="name">Número de pedido rápido</field>
            <field name="barcode_nomenclature_id" ref="barcodes.default_barcode_nomenclature"/>
            <field name="sequence">103</field>
            <field name="type">fast_order_number</field>
            <field name="encoding">any</field>
            <field name="pattern">777.*</field>
        </record>

        <record id="barcode_rule_return_product" model="barcode.rule">
            <field name="name">Productos devueltos</field>
            <field name="barcode_nomenclature_id" ref="barcodes.default_barcode_nomenclature"/>
            <field name="sequence">104</field>
            <field name="type">return_products</field>
            <field name="encoding">any</field>
            <field name="pattern">.*</field>
        </record>

    </data>
</odoo>
