<?xml version="1.0" encoding="utf-8"?>
<odoo>
    <data noupdate="1">

        <record id="product_category_retail" model="product.category">
            <field name="name">Retail</field>
        </record>

        <record id="reward_01" model="product.product">
            <field name="name">Recompensas</field>
            <field name="standard_price">0</field>
            <field name="list_price">0</field>
            <field name="type">service</field>
            <field name="available_in_pos">True</field>
            <field name="categ_id" ref="product_category_retail"/>
            <field name="uom_id" ref="uom.product_uom_unit"/><!-- v12 only -->
            <field name="uom_po_id" ref="uom.product_uom_unit"/><!-- v12 only -->
            <field name="description">Recompensas</field>
            <field name="default_code">Rs</field>
        </record>

        <record id="promotion_service_01" model="product.product">
            <field name="name">Promociones</field>
            <field name="standard_price">0</field>
            <field name="list_price">0</field>
            <field name="type">service</field>
            <field name="available_in_pos">True</field>
            <field name="categ_id" ref="product_category_retail"/>
            <field name="uom_id" ref="uom.product_uom_unit"/><!-- v12 only -->
            <field name="uom_po_id" ref="uom.product_uom_unit"/><!-- v12 only -->
            <field name="description">PS</field>
            <field name="default_code">PS</field>
        </record>

         <record id="voucher_service" model="product.product">
            <field name="name">Vales</field>
            <field name="standard_price">0</field>
            <field name="list_price">0</field>
            <field name="type">service</field>
            <field name="available_in_pos">True</field>
            <field name="categ_id" ref="product_category_retail"/>
            <field name="uom_id" ref="uom.product_uom_unit"/><!-- v12 only -->
            <field name="uom_po_id" ref="uom.product_uom_unit"/><!-- v12 only -->
            <field name="description">Vales</field>
            <field name="default_code">VC</field>
        </record>

        <record id="voucher_card" model="product.product">
            <field name="name">Vale de crédito 500</field>
            <field name="standard_price">500</field>
            <field name="list_price">500</field>
            <field name="type">service</field>
            <field name="available_in_pos">True</field>
            <field name="categ_id" ref="product_category_retail"/>
            <field name="uom_id" ref="uom.product_uom_unit"/>
            <field name="uom_po_id" ref="uom.product_uom_unit"/>
            <field name="description">Tarjeta de regalo</field>
            <field name="is_voucher">True</field>
        </record>

        <record id="voucher_card2" model="product.product">
            <field name="name">Vale de crédito 1000</field>
            <field name="standard_price">1000</field>
            <field name="list_price">1000</field>
            <field name="type">service</field>
            <field name="available_in_pos">True</field>
            <field name="categ_id" ref="product_category_retail"/>
            <field name="uom_id" ref="uom.product_uom_unit"/>
            <field name="uom_po_id" ref="uom.product_uom_unit"/>
            <field name="description">Tarjeta de regalo</field>
            <field name="is_voucher">True</field>
        </record>

        <record id="voucher_card3" model="product.product">
            <field name="name">Vale de crédito 1500</field>
            <field name="standard_price">1500</field>
            <field name="list_price">1500</field>
            <field name="type">service</field>
            <field name="available_in_pos">True</field>
            <field name="categ_id" ref="product_category_retail"/>
            <field name="uom_id" ref="uom.product_uom_unit"/>
            <field name="uom_po_id" ref="uom.product_uom_unit"/>
            <field name="description">Tarjeta de regalo</field>
            <field name="is_voucher">True</field>
        </record>

        <record id="voucher_card4" model="product.product">
            <field name="name">Vale de crédito 2000</field>
            <field name="standard_price">2000</field>
            <field name="list_price">2000</field>
            <field name="type">service</field>
            <field name="available_in_pos">True</field>
            <field name="categ_id" ref="product_category_retail"/>
            <field name="uom_id" ref="uom.product_uom_unit"/>
            <field name="uom_po_id" ref="uom.product_uom_unit"/>
            <field name="description">Tarjeta de regalo</field>
            <field name="is_voucher">True</field>
        </record>

        <record id="global_discount" model="product.product">
            <field name="name">Descuento</field>
            <field name="standard_price">0</field>
            <field name="list_price">0</field>
            <field name="type">service</field>
            <field name="available_in_pos">True</field>
            <field name="categ_id" ref="product_category_retail"/>
            <field name="uom_id" ref="uom.product_uom_unit"/><!-- v12 only -->
            <field name="uom_po_id" ref="uom.product_uom_unit"/><!-- v12 only -->
            <field name="default_code">GD</field>
        </record>

        <record id="credit_service" model="product.product">
            <field name="name">Crédito</field>
            <field name="standard_price">1</field>
            <field name="is_credit">True</field>
            <field name="list_price">100</field>
            <field name="type">service</field>
            <field name="available_in_pos">True</field>
            <field name="categ_id" ref="product_category_retail"/>
            <field name="uom_id" ref="uom.product_uom_unit"/><!-- v12 only -->
            <field name="uom_po_id" ref="uom.product_uom_unit"/><!-- v12 only -->
        </record>

        <record id="medical_insurance_service" model="product.product">
            <field name="name">Servicio médico</field>
            <field name="standard_price">0</field>
            <field name="list_price">0</field>
            <field name="type">service</field>
            <field name="available_in_pos">True</field>
            <field name="categ_id" ref="product_category_retail"/>
            <field name="uom_id" ref="uom.product_uom_unit"/><!-- v12 only -->
            <field name="uom_po_id" ref="uom.product_uom_unit"/><!-- v12 only -->
            <field name="description">Servicio médico</field>
            <field name="default_code">MS</field>
        </record>

    </data>
</odoo>
