<?xml version="1.0" encoding="utf-8"?>
<odoo>

    <data noupdate="0">

        <record id="schedule_refresh_call_log" model="ir.cron">
            <field name="name">Registro de llamadas de actualización automática de POS</field>
            <field name="model_id" ref="pos_retail.model_pos_call_log"/>
            <field name="state">code</field>
            <field name="code">model.refresh_logs()</field>
            <field name="interval_number">1</field>
            <field name="interval_type">days</field>
            <field name="numbercall">-1</field>
            <field name="doall" eval="False"/>
        </record>

        <record id="schedule_auto_expired_points" model="ir.cron">
            <field name="name">Puntos de caducidad automática de POS</field>
            <field name="model_id" ref="pos_retail.model_pos_loyalty_point"/>
            <field name="state">code</field>
            <field name="code">model.cron_expired_points()</field>
            <field name="interval_number">30</field>
            <field name="interval_type">minutes</field>
            <field name="numbercall">-1</field>
            <field name="doall" eval="False"/>
        </record>

    </data>
</odoo>

