<?xml version="1.0" encoding="UTF-8"?>
<templates id="template" xml:space="preserve">

    <t t-name="OrderReceiptHeader">
        <t t-if="receipt.company.logo">
            <div class="receipt-logo-header field_design" data-tag="el_logo_image">
                <img class="pos-receipt-logo" t-att-src='receipt.company.logo' alt="Logo"/>
            </div>
        </t>
        <t t-if="!receipt.company.logo">
            <div class="receipt-line field_design" data-tag="el_company_name">
                <h5><t t-esc='receipt.company.name' /></h5>
            </div>
        </t>
        <t class="receipt-header" data-tag="el_header">
            <t t-if='receipt.company.contact_address'>
                <div class="receipt-line field_design" data-tag="el_address">
                    <span>Address</span>
                    <span class="pos-receipt-right-align">
                        <t t-esc="receipt.company.contact_address"/>
                    </span>
                </div>
            </t>
            <t t-if='receipt.company.phone'>
                <div class="receipt-line field_design" data-tag="el_phone">
                    <span>Phone</span>
                    <span class="pos-receipt-right-align">
                        <t t-esc="receipt.company.phone"/>
                    </span>
                </div>
            </t>
            <t t-if='receipt.company.vat'>
                <div class="receipt-line field_design" data-tag="el_vat">
                    VAT:
                    <span class="pos-receipt-right-align">
                        <t t-esc="receipt.company.vat"/>
                    </span>
                </div>
            </t>
            <t t-if='receipt.company.email'>
                <div class="receipt-line field_design" data-tag="el_email">
                    <span>Email</span>
                    <span class="pos-receipt-right-align">
                        <t t-esc="receipt.company.email"/>
                    </span>
                </div>
            </t>
            <t t-if='receipt.company.contact_address'>
                <div class="receipt-line field_design" data-tag="el_web">
                    Website
                    <span class="pos-receipt-right-align">
                        <t t-esc="receipt.company.website"/>
                    </span>
                </div>
            </t>
            <t t-if='receipt.company.company_registry'>
                <div class="receipt-line field_design" data-tag="el_company_regis">
                    Register No:
                    <span class="pos-receipt-right-align">
                        <t t-esc="receipt.company.company_registry"/>
                    </span>
                </div>
            </t>
            <t t-if='receipt.cashier'>
                <div class="receipt-line field_design" data-tag="el_user">
                    <span>Cashier</span>
                    <span class="pos-receipt-right-align">
                        <t t-esc="receipt.cashier"/>
                    </span>
                </div>
            </t>
            <t t-if="widget.pos.config.display_fiscal_position_receipt and order.fiscal_position">
                <div class="receipt-line field_design" data-tag="el_fiscal_position">
                    Fiscal Position
                    <span class="pos-receipt-right-align">
                        <t t-esc="order.fiscal_position.name"/>
                    </span>
                </div>
            </t>
            <!--            <t t-if="widget.pos.get_cashier() and !receipt.employee">-->
            <!--                <div class="receipt-line">-->
            <!--                    <span class="field_design" data-tag="el_cashier2">-->
            <!--                        Cashier-->
            <!--                    </span>-->
            <!--                    <span class="pos-receipt-right-align field_design" data-tag="el_cashier2_value">-->
            <!--                        <t t-esc="widget.pos.get_cashier().name"/>-->
            <!--                    </span>-->
            <!--                </div>-->
            <!--            </t>-->
            <!--            <t t-if="receipt.employee">-->
            <!--                <div class="receipt-line">-->
            <!--                    <span class="field_design" data-tag="el_employee">-->
            <!--                        Employee-->
            <!--                    </span>-->
            <!--                    <span class="pos-receipt-right-align field_design" data-tag="el_emp_value">-->
            <!--                        <t t-esc="receipt.employee.name"/>-->
            <!--                    </span>-->
            <!--                </div>-->
            <!--            </t>-->
            <t t-if="order.plus_point">
                <div class="receipt-line">
                    <span class="field_design" data-tag="el_plus_point">
                        Points Plus
                    </span>
                    <span class="pos-receipt-right-align field_design" data-tag="el_plus_point_value">
                        <t t-esc="order.plus_point"/>
                    </span>
                </div>
            </t>
            <t t-if="order.redeem_point">
                <div class="receipt-line">
                    <span class="field_design" data-tag="el_redeem_point">
                        Points Redeem
                    </span>
                    <span class="pos-receipt-right-align field_design" data-tag="el_redeem_value">
                        <t t-esc="order.redeem_point"/>
                    </span>
                </div>
            </t>
            <t t-set="client" t-value="order.get_client()"/>
            <t t-if="client">
                <div class="receipt-line">
                    <span class="field_design" data-tag="el_client_info">
                        Customer
                    </span>
                    <span class="pos-receipt-right-align field_design" data-tag="el_client_info_value">
                        --------------------------
                    </span>
                </div>
                <div class="receipt-line">
                    <span class="field_design" data-tag="el_client">
                        Name
                    </span>
                    <span class="pos-receipt-right-align field_design" data-tag="el_client_value">
                        <t t-esc="client.name"/>
                    </span>
                </div>
                <t t-if="client.street">
                    <div class="receipt-line">
                        <span class="field_design" data-tag="el_client_street">
                            Street
                        </span>
                        <span class="pos-receipt-right-align field_design" data-tag="el_client_street_value">
                            <t t-esc="client.street"/>
                        </span>
                    </div>
                </t>
                <t t-if="client.vat and widget.pos.config.receipt_customer_vat">
                    <div class="receipt-line">
                        <span class="field_design" data-tag="el_client_vat">
                            Tin
                        </span>
                        <span class="pos-receipt-right-align field_design" data-tag="el_client_vat_value">
                            <t t-esc="client.vat"/>
                        </span>
                    </div>
                </t>
                <t t-if="client.email">
                    <div class="receipt-line">
                        <span class="field_design" data-tag="el_client_email">
                            Email
                        </span>
                        <span class="pos-receipt-right-align field_design" data-tag="el_client_email_value">
                            <t t-esc="client.email"/>
                        </span>
                    </div>
                </t>
                <t t-if="client.phone or client.mobile">
                    <div class="receipt-line">
                        <span class="field_design" data-tag="el_client_mobile">
                            Phone/Mobile
                        </span>
                        <span class="pos-receipt-right-align field_design" data-tag="el_client_mobile_value">
                            <t t-esc="client.phone || client.mobile"/>
                        </span>
                    </div>
                </t>
            </t>
            <t t-if="invoice_ref">
                <div class="receipt-line field_design" data-tag="el_invoice">
                    Invoice Ref
                    <span class="pos-receipt-right-align">
                        <t t-esc="invoice_ref"/>
                    </span>
                </div>
            </t>
            <t t-if="picking_ref">
                <div class="receipt-line field_design" data-tag="el_invoice">
                    Delivery Ref
                    <span class="pos-receipt-right-align">
                        <t t-esc="picking_ref"/>
                    </span>
                </div>
            </t>
            <t t-if="order.location and order.location.name and widget.pos.config.receipt_display_warehouse">
                <div class="receipt-line field_design" data-tag="el_location">
                    Stock
                    <span class="pos-receipt-right-align">
                        <t t-esc="order.location.name"/>
                    </span>
                </div>
            </t>
            <t t-if="widget.pos.config.shipping_order and receipt.shipping_client">
                <br/>
                <div class="receipt-line">
                    <span class="amount_total">
                        SHIPPING INFORMATION
                    </span>
                    <div class="receipt-line">
                        Customer:
                        <span class="pos-receipt-right-align">
                            <t t-esc="receipt.shipping_client.name"/>
                        </span>
                    </div>
                    <div class="receipt-line">
                        Address:
                        <span class="pos-receipt-right-align">
                            <t t-if="receipt.shipping_client.street">
                                <t t-esc="receipt.shipping_client.street"/>
                            </t>
                            <t t-if="receipt.shipping_client.street2">
                                <t t-esc="receipt.shipping_client.street2"/>
                            </t>
                        </span>
                    </div>
                    <div class="receipt-line">
                        Phone:
                        <span class="pos-receipt-right-align">
                            <t t-if="receipt.shipping_client.phone">
                                <t t-esc="receipt.shipping_client.phone"/>
                            </t>
                            <t t-if="receipt.shipping_client.street2">
                                / <t t-esc="receipt.shipping_client.mobile"/>
                            </t>
                        </span>
                    </div>
                    <div class="receipt-line">
                        Comment:
                        <span class="pos-receipt-right-align">
                            <t t-if="receipt.shipping_client.comment">
                                <t t-esc="receipt.shipping_client.comment"/>
                            </t>
                        </span>
                    </div>
                    <div class="receipt-line">
                        Notes:
                        <span class="pos-receipt-right-align">
                            <t t-if="order.get_note()">
                                <t t-esc="order.get_note()"/>
                            </t>
                        </span>
                    </div>
                </div>
            </t>
            <t t-if="widget.pos.config.booking_orders_display_shipping_receipt and order.delivery_address">
                <br/>
                <div class="receipt-line">
                    Shipping
                    <span class="pos-receipt-right-align">
                        --------------------------
                    </span>
                </div>
                <t t-if='order.delivery_address'>
                    <div class="receipt-line">
                        Ship Address
                        <span class="pos-receipt-right-align">
                            <t t-esc="receipt.company.delivery_address"/>
                        </span>
                    </div>
                </t>
                <t t-if='order.delivery_date'>
                    <div class="receipt-line">
                        Ship Date
                        <span class="pos-receipt-right-align">
                            <t t-esc="receipt.company.delivery_date"/>
                        </span>
                    </div>
                </t>
                <t t-if='order.delivery_phone'>
                    <div class="receipt-line">
                        Ship Phone
                        <span class="pos-receipt-right-align">
                            <t t-esc="receipt.company.delivery_phone"/>
                        </span>
                    </div>
                </t>
            </t>
            <t t-if="order.origin">
                <div class="receipt-line">
                    Origin
                    <span class="pos-receipt-right-align">
                        <t t-esc="receipt.origin"/>
                    </span>
                </div>
            </t>
            <t t-if="order.date_order">
                <div class="receipt-line">
                    Date Order
                    <span class="pos-receipt-right-align">
                        <t t-esc="receipt.date_order"/>
                    </span>
                </div>
            </t>
            <t t-if="order.delivery_man">
                <div class="receipt-line">
                    Delivery Man
                    <span class="pos-receipt-right-align">
                        <t t-esc="receipt.delivery_man.name"/>
                    </span>
                </div>
            </t>
        </t>
        <t t-if="receipt.header_html or receipt.header">
            <br/>
            <div t-if='receipt.header_html' class="pos-receipt-center-align">
                <div class="receipt-line">
                    <span class="pos-receipt-center-align">
                        <t t-raw="receipt.header_html"/>
                    </span>
                </div>
            </div>
            <div t-if='!receipt.header_html and receipt.header' class="pos-receipt-center-align">
                <div class="receipt-line">
                    <span class="pos-receipt-center-align">
                        <t t-esc="receipt.header"/>
                    </span>
                </div>
            </div>
        </t>
    </t>

    <t t-name="OrderReceiptFooter">
        <br/>
        <div data-tag="el_footer">
            <div data-tag="el_total">
                <t t-set='taxincluded' t-value='Math.abs(receipt.subtotal - receipt.total_with_tax) &lt;= 0.000001'/>
                <t t-if='!taxincluded'>
                    <t t-if="widget.pos.config.receipt_display_subtotal">
                        <div class="receipt-line">
                            <span class='field_design' data-tag="el_subtotal">
                                Subtotal
                            </span>
                            <span class='pos-receipt-right-align field_design' data-tag="el_subtotal_value">
                                <t t-esc='widget.format_currency_no_symbol(receipt.subtotal)'/>
                            </span>

                        </div>
                    </t>
                    <t t-foreach='receipt.tax_details' t-as='tax'>
                        <div class="receipt-line">
                            <t t-esc='tax.name'/>
                            <span t-esc='widget.format_currency_no_symbol(tax.amount)' class="pos-receipt-right-align"/>
                        </div>
                    </t>
                </t>
                <t t-if="receipt.currency">
                    <div class="receipt-line">
                        Currency
                        <span t-esc='receipt.currency.name' class="pos-receipt-right-align"/>
                    </div>
                </t>
                <!-- Total -->
                <div class="pos-receipt-amount">
                    <div class="receipt-line">
                        <span class='field_design' data-tag="el_amount_total" style="font-weight: 500">
                            TOTAL
                        </span>
                        <span class='pos-receipt-right-align field_design' data-tag="el_total_with_tax" style="font-weight: 500">
                            <t t-esc='widget.format_currency_no_symbol(receipt.total_with_tax)'/>
                        </span>
                    </div>
                </div>
                <br/>
            </div>
            <!-- Payment Lines -->
            <div data-tag="el_payment_lines">
                <t t-if="paymentlines">
                    <t t-foreach='paymentlines' t-as='line'>
                        <div class="receipt-line">
                            <t t-esc='line.name' style="font-weight: 500"/>
                            <t t-if="line.ref">
                                <span class="pos-receipt-center-align">
                                    <t t-esc='line.ref'/>
                                </span>
                            </t>
                            <span t-esc='widget.format_currency_no_symbol(line.get_amount())'
                                  class="pos-receipt-right-align" style="font-weight: 500"/>
                        </div>
                    </t>
                    <br/>
                </t>
            </div>
            <div class="receipt-line">
                <span class="field_design" data-tag="el_field_change">CHANGE</span>
                <span class="pos-receipt-right-align field_design" data-tag="el_field_change_value">
                    <t t-esc="widget.format_currency_no_symbol(receipt.change)"/>
                </span>
            </div>
            <br/>
            <t t-if='receipt.total_discount'>
                <div class="receipt-line">
                    <span class="amount_total field_design" data-tag="el_field_discount">Discounts</span>
                    <span class="pos-receipt-right-align field_design" data-tag="el_field_discount_value">
                        <t t-esc="widget.format_currency_no_symbol(receipt.total_discount)"/>
                    </span>
                </div>
            </t>
            <t t-if="taxincluded">
                <div class="field_design" data-tag="el_taxes">
                    <t t-if='taxincluded'>
                        <t t-foreach='receipt.tax_details' t-as='tax'>
                            <div class="receipt-line">
                                <t t-esc='tax.name'/>
                                <span t-esc='widget.format_currency_no_symbol(tax.amount)'
                                      class="pos-receipt-right-align"/>
                            </div>
                        </t>
                        <div class="receipt-line">
                            <span class="amount_total">Total Taxes</span>
                            <span t-esc='widget.format_currency_no_symbol(receipt.total_tax)' class="pos-receipt-right-align"/>
                        </div>
                        <br/>
                    </t>
                </div>
            </t>

            <div class='before-footer'/>

            <!-- Footer -->
            <div t-if='receipt.footer_html' class="pos-receipt-center-align">
                <div class="receipt-line" data-tag="el_footer">
                    <span class="pos-receipt-center-align">
                        <t t-raw='receipt.footer_html'/>
                    </span>
                </div>
            </div>

            <div t-if='!receipt.footer_html and receipt.footer' class="pos-receipt-center-align">
                <div class="receipt-line" data-tag="el_footer">
                    <span class="pos-receipt-center-align">
                        <t t-esc='receipt.footer'/>
                    </span>
                </div>
            </div>
            <br/>
            <div class='after-footer'>
                <t t-foreach='paymentlines' t-as='line'>
                    <t t-if='line.ticket'>
                        <br/>
                        <div class="pos-payment-terminal-receipt">
                            <t t-raw='line.ticket'/>
                        </div>
                    </t>
                </t>
            </div>
            <t t-if="order.note">
                <div class="receipt-line">
                    <span class="amount_total">Note</span>
                    <span t-esc='order.note' class="pos-receipt-right-align"/>
                </div>
            </t>
            <t t-if="order.signature">
                <div class="receipt-line">
                    <span class="amount_total">Signature</span>
                    <span class="pos-receipt-right-align">
                        <img class="product-img signature"
                             t-att-src="widget.pos.get_order().get_signature() || ''"
                             style="max-height:400px;max-width:100px"
                        />
                    </span>
                </div>
            </t>
            <t t-if="widget.pos.config.display_return_days_receipt">
                <div class="receipt-line">
                    <span class="amount_total">Period Times Return</span>
                    <span class="pos-receipt-right-align">
                        <t t-esc="widget.pos.config.pos_order_period_return_days"/>
                        days
                    </span>
                </div>
            </t>
            <div class="receipt-line">
                <span class='field_design' data-tag="el_receipt_name">
                    <t t-esc="receipt.name"/>
                </span>
                <span class='pos-receipt-right-align field_design' data-tag="el_ref_date">
                    <t t-esc='receipt.date.localestring'/>
                </span>
            </div>
            <t t-if="order.pos_reference">
                <span class='field_design' data-tag="el_receipt_name">
                    <t t-esc="order.pos_reference"/>
                </span>
                <span class='pos-receipt-right-align field_design' data-tag="el_ref_date">
                    <t t-esc="date_order"/>
                </span>
            </t>
            <t t-if="widget.pos.config.barcode_receipt and order.barcode_bas64">
                <div class="barcode">
                    <img id="barcode" class="footer_barcode"
                         t-att-src="order.barcode_bas64"
                    />
                </div>
            </t>
        </div>
    </t>

    <t t-name="OrderReceiptLinePriceUnit">
        <t t-if="!widget.pos.config.subtotal_tax_included">
            <t t-esc="widget.format_currency_no_symbol(line.get_display_price())"/>
        </t>
        <t t-if="widget.pos.config.subtotal_tax_included">
            <t t-esc="widget.format_currency_no_symbol(line.get_price_with_tax())"/>
        </t>
    </t>

    <t t-name="OrderReceiptLineExtra">
        <t t-if="line.discount">
            <div class="receipt-line pos-receipt-left-padding">
                Disc: <t t-esc="line.discount"/> %
            </div>
        </t>
        <t t-if="line.price_extra">
            <div class="receipt-line pos-receipt-left-padding">
                Price extra: <t t-esc="widget.format_currency_no_symbol(line.price_extra, 'Price extra')"/>
            </div>
        </t>
        <t t-if="line.discount_extra">
            <div class="receipt-line pos-receipt-left-padding">
                Discount extra: <t t-esc="line.discount_extra"/>
                %
            </div>
        </t>
        <t t-if="widget.pos.config.display_tax_receipt and line.get_tax() > 0">
            <div class="receipt-line pos-receipt-left-padding">
                Tax:
                <t t-esc="widget.format_currency_no_symbol(line.get_tax())"/>
            </div>
        </t>
        <t t-if="line.pack_lot_lines and line.pack_lot_lines.models">
            <t t-foreach="line.pack_lot_lines.models" t-as="lot_model">
                <div class="receipt-line ">
                    Lot: <t t-esc="lot_model.attributes.lot_name"/>
                </div>
            </t>
        </t>
        <t t-if="line.combo_items">
            <t t-foreach="line.combo_items" t-as="combo_item">
                <div class="receipt-line pos-receipt-left-padding">
                    +
                    <t t-esc="combo_item.quantity * line.quantity"/>
                    <t t-esc="combo_item.product_id[1]"/>
                </div>
            </t>
        </t>
        <t t-if="line.selected_combo_items">
            <t t-foreach="line.selected_combo_items" t-as="product_id">
                <t t-if="widget.pos.db.product_by_id[product_id]">
                    <div class="receipt-line pos-receipt-left-padding">
                        +
                        <t t-esc="line.selected_combo_items[product_id]"/>
                        <t t-esc="widget.pos.db.product_by_id[product_id].display_name"/>
                    </div>
                </t>
            </t>
        </t>
        <t t-if="line.get_line_note()">
            <div class="receipt-line pos-receipt-left-padding">
                Notes:
                <t t-esc="line.get_line_note()"/>
            </div>
        </t>
        <t t-if="line.variants">
            <t t-foreach="line.variants" t-as="variant">
                <div class="receipt-line pos-receipt-left-padding">
                    Variant:
                    <t t-esc="variant.value_id[1]"/>
                    with
                    <t t-esc="widget.format_currency_no_symbol(variant.price_extra, 'Price extra')"/>
                </div>
            </t>
        </t>
        <t t-if="line.tags and line.tags.length">
            <div class="receipt-line pos-receipt-left-padding">
                Tags:
                <t t-foreach="line.tags" t-as="tag">
                    <t t-esc="tag.name"/>
                </t>
            </div>
        </t>
    </t>

    <t t-name="OrderReceiptLines">
        <table class='receipt-orderlines' style="display:inline-table; width: 100%; margin-top: 3mm">
            <tr>
                <th class="line-header" style="width:50%; text-align: left; padding: 3px; font-weight: 500; font-size: 0.75em">Product</th>
                <th class="line-header" style="width:20%; text-align: left; padding: 3px; font-weight: 500; font-size: 0.75em">Price</th>
                <th class="line-header" style="width:10%; text-align: left; padding: 3px; font-weight: 500; font-size: 0.75em">Qty</th>
                <th class="line-header" style="text-align: right; padding: 3px; font-weight: 500; font-size: 0.75em">Sub Total</th>
            </tr>
            <t t-foreach='orderlines' t-as='line'>
                <t t-set="product" t-value="line.get_product()"/>
                <t t-set='simple'
                   t-value='(line.discount === 0 and line.unit_name === "Units" and line.quantity === 1 and !discount_to_show and !(line.display_discount_policy == "without_discount" &amp;&amp; line.price != line.price_lst))'/>
                <tr>
                    <td class="receipt-line" style="text-align: left; padding: 3px;">
                        <t t-if="widget.pos.config.display_image_receipt">
                            <div class="receipt-line">
                                <div class="pos-receipt-left-padding">
                                    <img class='receipt_line_image' t-att-src="line.get_line_image()"/>
                                </div>
                            </div>
                        </t>
                        <t t-call='product_name'/>
                        <t t-call="OrderReceiptLineExtra"/>
                    </td>
                    <td class="receipt-line" style="text-align: left; padding: 3px; font-size: 0.75em">
                        <t t-esc="widget.format_currency_no_symbol(line.price)"/>
                    </td>
                    <td class="receipt-line" style="text-align: left; padding: 3px; font-size: 0.75em">
                        <t t-esc="line.quantity"/>
                    </td>
                    <td class="receipt-line" style="text-align: right; padding: 3px; font-size: 0.75em">
                        <t t-call="OrderReceiptLinePriceUnit"/>
                    </td>
                </tr>
            </t>
        </table>
    </t>

    <t t-name="OrderReceipt">
        <t t-set="id" t-value="1"/>
        <t t-if="widget.pos.config.receipt_fullsize">
            <t t-call="OrderReceiptFullSize"/>
        </t>
        <t t-else="">
            <div class="pos-receipt">
                <t t-call="OrderReceiptHeader"/>
                <div class='orderlines-receipt'>
                    <br/>
                    <t t-if="widget.pos.config.category_wise_receipt">
                        <t t-set='index' t-value="1"/>
                        <t t-foreach="receipt.orderlines_by_category_name" t-as="category">
                            <t t-set='orderlines' t-value="receipt.orderlines_by_category_name[category]"/>
                            <div class="receipt-line">
                                <t t-esc="index"/>.
                                <t t-esc='category'/>
                            </div>
                            <t t-set='index' t-value="index + 1"/>
                            <t t-call="OrderReceiptLines"/>
                        </t>
                    </t>
                    <t t-if="!widget.pos.config.category_wise_receipt">
                        <t t-set='orderlines' t-value="orderlines"/>
                        <t t-call="OrderReceiptLines"/>
                    </t>
                    <br/>
                </div>
                <t t-call="OrderReceiptFooter"/>
            </div>
        </t>
    </t>

    <t t-name="OrderReceiptFullSize">
        <style>
            @media (min-width: 992px) {
              .m-lg-0 {
                margin: 0 !important;
              }
              .mt-lg-0,
              .my-lg-0 {
                margin-top: 0 !important;
              }
              .mr-lg-0,
              .mx-lg-0 {
                margin-right: 0 !important;
              }
              .mb-lg-0,
              .my-lg-0 {
                margin-bottom: 0 !important;
              }
              .ml-lg-0,
              .mx-lg-0 {
                margin-left: 0 !important;
              }
              .m-lg-1 {
                margin: 0.25rem !important;
              }
              .mt-lg-1,
              .my-lg-1 {
                margin-top: 0.25rem !important;
              }
              .mr-lg-1,
              .mx-lg-1 {
                margin-right: 0.25rem !important;
              }
              .mb-lg-1,
              .my-lg-1 {
                margin-bottom: 0.25rem !important;
              }
              .ml-lg-1,
              .mx-lg-1 {
                margin-left: 0.25rem !important;
              }
              .m-lg-2 {
                margin: 0.5rem !important;
              }
              .mt-lg-2,
              .my-lg-2 {
                margin-top: 0.5rem !important;
              }
              .mr-lg-2,
              .mx-lg-2 {
                margin-right: 0.5rem !important;
              }
              .mb-lg-2,
              .my-lg-2 {
                margin-bottom: 0.5rem !important;
              }
              .ml-lg-2,
              .mx-lg-2 {
                margin-left: 0.5rem !important;
              }
              .m-lg-3 {
                margin: 1rem !important;
              }
              .mt-lg-3,
              .my-lg-3 {
                margin-top: 1rem !important;
              }
              .mr-lg-3,
              .mx-lg-3 {
                margin-right: 1rem !important;
              }
              .mb-lg-3,
              .my-lg-3 {
                margin-bottom: 1rem !important;
              }
              .ml-lg-3,
              .mx-lg-3 {
                margin-left: 1rem !important;
              }
              .m-lg-4 {
                margin: 1.5rem !important;
              }
              .mt-lg-4,
              .my-lg-4 {
                margin-top: 1.5rem !important;
              }
              .mr-lg-4,
              .mx-lg-4 {
                margin-right: 1.5rem !important;
              }
              .mb-lg-4,
              .my-lg-4 {
                margin-bottom: 1.5rem !important;
              }
              .ml-lg-4,
              .mx-lg-4 {
                margin-left: 1.5rem !important;
              }
              .m-lg-5 {
                margin: 3rem !important;
              }
              .mt-lg-5,
              .my-lg-5 {
                margin-top: 3rem !important;
              }
              .mr-lg-5,
              .mx-lg-5 {
                margin-right: 3rem !important;
              }
              .mb-lg-5,
              .my-lg-5 {
                margin-bottom: 3rem !important;
              }
              .ml-lg-5,
              .mx-lg-5 {
                margin-left: 3rem !important;
              }
              .p-lg-0 {
                padding: 0 !important;
              }
              .pt-lg-0,
              .py-lg-0 {
                padding-top: 0 !important;
              }
              .pr-lg-0,
              .px-lg-0 {
                padding-right: 0 !important;
              }
              .pb-lg-0,
              .py-lg-0 {
                padding-bottom: 0 !important;
              }
              .pl-lg-0,
              .px-lg-0 {
                padding-left: 0 !important;
              }
              .p-lg-1 {
                padding: 0.25rem !important;
              }
              .pt-lg-1,
              .py-lg-1 {
                padding-top: 0.25rem !important;
              }
              .pr-lg-1,
              .px-lg-1 {
                padding-right: 0.25rem !important;
              }
              .pb-lg-1,
              .py-lg-1 {
                padding-bottom: 0.25rem !important;
              }
              .pl-lg-1,
              .px-lg-1 {
                padding-left: 0.25rem !important;
              }
              .p-lg-2 {
                padding: 0.5rem !important;
              }
              .pt-lg-2,
              .py-lg-2 {
                padding-top: 0.5rem !important;
              }
              .pr-lg-2,
              .px-lg-2 {
                padding-right: 0.5rem !important;
              }
              .pb-lg-2,
              .py-lg-2 {
                padding-bottom: 0.5rem !important;
              }
              .pl-lg-2,
              .px-lg-2 {
                padding-left: 0.5rem !important;
              }
              .p-lg-3 {
                padding: 1rem !important;
              }
              .pt-lg-3,
              .py-lg-3 {
                padding-top: 1rem !important;
              }
              .pr-lg-3,
              .px-lg-3 {
                padding-right: 1rem !important;
              }
              .pb-lg-3,
              .py-lg-3 {
                padding-bottom: 1rem !important;
              }
              .pl-lg-3,
              .px-lg-3 {
                padding-left: 1rem !important;
              }
              .p-lg-4 {
                padding: 1.5rem !important;
              }
              .pt-lg-4,
              .py-lg-4 {
                padding-top: 1.5rem !important;
              }
              .pr-lg-4,
              .px-lg-4 {
                padding-right: 1.5rem !important;
              }
              .pb-lg-4,
              .py-lg-4 {
                padding-bottom: 1.5rem !important;
              }
              .pl-lg-4,
              .px-lg-4 {
                padding-left: 1.5rem !important;
              }
              .p-lg-5 {
                padding: 3rem !important;
              }
              .pt-lg-5,
              .py-lg-5 {
                padding-top: 3rem !important;
              }
              .pr-lg-5,
              .px-lg-5 {
                padding-right: 3rem !important;
              }
              .pb-lg-5,
              .py-lg-5 {
                padding-bottom: 3rem !important;
              }
              .pl-lg-5,
              .px-lg-5 {
                padding-left: 3rem !important;
              }
              .m-lg-n1 {
                margin: -0.25rem !important;
              }
              .mt-lg-n1,
              .my-lg-n1 {
                margin-top: -0.25rem !important;
              }
              .mr-lg-n1,
              .mx-lg-n1 {
                margin-right: -0.25rem !important;
              }
              .mb-lg-n1,
              .my-lg-n1 {
                margin-bottom: -0.25rem !important;
              }
              .ml-lg-n1,
              .mx-lg-n1 {
                margin-left: -0.25rem !important;
              }
              .m-lg-n2 {
                margin: -0.5rem !important;
              }
              .mt-lg-n2,
              .my-lg-n2 {
                margin-top: -0.5rem !important;
              }
              .mr-lg-n2,
              .mx-lg-n2 {
                margin-right: -0.5rem !important;
              }
              .mb-lg-n2,
              .my-lg-n2 {
                margin-bottom: -0.5rem !important;
              }
              .ml-lg-n2,
              .mx-lg-n2 {
                margin-left: -0.5rem !important;
              }
              .m-lg-n3 {
                margin: -1rem !important;
              }
              .mt-lg-n3,
              .my-lg-n3 {
                margin-top: -1rem !important;
              }
              .mr-lg-n3,
              .mx-lg-n3 {
                margin-right: -1rem !important;
              }
              .mb-lg-n3,
              .my-lg-n3 {
                margin-bottom: -1rem !important;
              }
              .ml-lg-n3,
              .mx-lg-n3 {
                margin-left: -1rem !important;
              }
              .m-lg-n4 {
                margin: -1.5rem !important;
              }
              .mt-lg-n4,
              .my-lg-n4 {
                margin-top: -1.5rem !important;
              }
              .mr-lg-n4,
              .mx-lg-n4 {
                margin-right: -1.5rem !important;
              }
              .mb-lg-n4,
              .my-lg-n4 {
                margin-bottom: -1.5rem !important;
              }
              .ml-lg-n4,
              .mx-lg-n4 {
                margin-left: -1.5rem !important;
              }
              .m-lg-n5 {
                margin: -3rem !important;
              }
              .mt-lg-n5,
              .my-lg-n5 {
                margin-top: -3rem !important;
              }
              .mr-lg-n5,
              .mx-lg-n5 {
                margin-right: -3rem !important;
              }
              .mb-lg-n5,
              .my-lg-n5 {
                margin-bottom: -3rem !important;
              }
              .ml-lg-n5,
              .mx-lg-n5 {
                margin-left: -3rem !important;
              }
              .m-lg-auto {
                margin: auto !important;
              }
              .mt-lg-auto,
              .my-lg-auto {
                margin-top: auto !important;
              }
              .mr-lg-auto,
              .mx-lg-auto {
                margin-right: auto !important;
              }
              .mb-lg-auto,
              .my-lg-auto {
                margin-bottom: auto !important;
              }
              .ml-lg-auto,
              .mx-lg-auto {
                margin-left: auto !important;
              }
            }

            @media (min-width: 1200px) {
              .m-xl-0 {
                margin: 0 !important;
              }
              .mt-xl-0,
              .my-xl-0 {
                margin-top: 0 !important;
              }
              .mr-xl-0,
              .mx-xl-0 {
                margin-right: 0 !important;
              }
              .mb-xl-0,
              .my-xl-0 {
                margin-bottom: 0 !important;
              }
              .ml-xl-0,
              .mx-xl-0 {
                margin-left: 0 !important;
              }
              .m-xl-1 {
                margin: 0.25rem !important;
              }
              .mt-xl-1,
              .my-xl-1 {
                margin-top: 0.25rem !important;
              }
              .mr-xl-1,
              .mx-xl-1 {
                margin-right: 0.25rem !important;
              }
              .mb-xl-1,
              .my-xl-1 {
                margin-bottom: 0.25rem !important;
              }
              .ml-xl-1,
              .mx-xl-1 {
                margin-left: 0.25rem !important;
              }
              .m-xl-2 {
                margin: 0.5rem !important;
              }
              .mt-xl-2,
              .my-xl-2 {
                margin-top: 0.5rem !important;
              }
              .mr-xl-2,
              .mx-xl-2 {
                margin-right: 0.5rem !important;
              }
              .mb-xl-2,
              .my-xl-2 {
                margin-bottom: 0.5rem !important;
              }
              .ml-xl-2,
              .mx-xl-2 {
                margin-left: 0.5rem !important;
              }
              .m-xl-3 {
                margin: 1rem !important;
              }
              .mt-xl-3,
              .my-xl-3 {
                margin-top: 1rem !important;
              }
              .mr-xl-3,
              .mx-xl-3 {
                margin-right: 1rem !important;
              }
              .mb-xl-3,
              .my-xl-3 {
                margin-bottom: 1rem !important;
              }
              .ml-xl-3,
              .mx-xl-3 {
                margin-left: 1rem !important;
              }
              .m-xl-4 {
                margin: 1.5rem !important;
              }
              .mt-xl-4,
              .my-xl-4 {
                margin-top: 1.5rem !important;
              }
              .mr-xl-4,
              .mx-xl-4 {
                margin-right: 1.5rem !important;
              }
              .mb-xl-4,
              .my-xl-4 {
                margin-bottom: 1.5rem !important;
              }
              .ml-xl-4,
              .mx-xl-4 {
                margin-left: 1.5rem !important;
              }
              .m-xl-5 {
                margin: 3rem !important;
              }
              .mt-xl-5,
              .my-xl-5 {
                margin-top: 3rem !important;
              }
              .mr-xl-5,
              .mx-xl-5 {
                margin-right: 3rem !important;
              }
              .mb-xl-5,
              .my-xl-5 {
                margin-bottom: 3rem !important;
              }
              .ml-xl-5,
              .mx-xl-5 {
                margin-left: 3rem !important;
              }
              .p-xl-0 {
                padding: 0 !important;
              }
              .pt-xl-0,
              .py-xl-0 {
                padding-top: 0 !important;
              }
              .pr-xl-0,
              .px-xl-0 {
                padding-right: 0 !important;
              }
              .pb-xl-0,
              .py-xl-0 {
                padding-bottom: 0 !important;
              }
              .pl-xl-0,
              .px-xl-0 {
                padding-left: 0 !important;
              }
              .p-xl-1 {
                padding: 0.25rem !important;
              }
              .pt-xl-1,
              .py-xl-1 {
                padding-top: 0.25rem !important;
              }
              .pr-xl-1,
              .px-xl-1 {
                padding-right: 0.25rem !important;
              }
              .pb-xl-1,
              .py-xl-1 {
                padding-bottom: 0.25rem !important;
              }
              .pl-xl-1,
              .px-xl-1 {
                padding-left: 0.25rem !important;
              }
              .p-xl-2 {
                padding: 0.5rem !important;
              }
              .pt-xl-2,
              .py-xl-2 {
                padding-top: 0.5rem !important;
              }
              .pr-xl-2,
              .px-xl-2 {
                padding-right: 0.5rem !important;
              }
              .pb-xl-2,
              .py-xl-2 {
                padding-bottom: 0.5rem !important;
              }
              .pl-xl-2,
              .px-xl-2 {
                padding-left: 0.5rem !important;
              }
              .p-xl-3 {
                padding: 1rem !important;
              }
              .pt-xl-3,
              .py-xl-3 {
                padding-top: 1rem !important;
              }
              .pr-xl-3,
              .px-xl-3 {
                padding-right: 1rem !important;
              }
              .pb-xl-3,
              .py-xl-3 {
                padding-bottom: 1rem !important;
              }
              .pl-xl-3,
              .px-xl-3 {
                padding-left: 1rem !important;
              }
              .p-xl-4 {
                padding: 1.5rem !important;
              }
              .pt-xl-4,
              .py-xl-4 {
                padding-top: 1.5rem !important;
              }
              .pr-xl-4,
              .px-xl-4 {
                padding-right: 1.5rem !important;
              }
              .pb-xl-4,
              .py-xl-4 {
                padding-bottom: 1.5rem !important;
              }
              .pl-xl-4,
              .px-xl-4 {
                padding-left: 1.5rem !important;
              }
              .p-xl-5 {
                padding: 3rem !important;
              }
              .pt-xl-5,
              .py-xl-5 {
                padding-top: 3rem !important;
              }
              .pr-xl-5,
              .px-xl-5 {
                padding-right: 3rem !important;
              }
              .pb-xl-5,
              .py-xl-5 {
                padding-bottom: 3rem !important;
              }
              .pl-xl-5,
              .px-xl-5 {
                padding-left: 3rem !important;
              }
              .m-xl-n1 {
                margin: -0.25rem !important;
              }
              .mt-xl-n1,
              .my-xl-n1 {
                margin-top: -0.25rem !important;
              }
              .mr-xl-n1,
              .mx-xl-n1 {
                margin-right: -0.25rem !important;
              }
              .mb-xl-n1,
              .my-xl-n1 {
                margin-bottom: -0.25rem !important;
              }
              .ml-xl-n1,
              .mx-xl-n1 {
                margin-left: -0.25rem !important;
              }
              .m-xl-n2 {
                margin: -0.5rem !important;
              }
              .mt-xl-n2,
              .my-xl-n2 {
                margin-top: -0.5rem !important;
              }
              .mr-xl-n2,
              .mx-xl-n2 {
                margin-right: -0.5rem !important;
              }
              .mb-xl-n2,
              .my-xl-n2 {
                margin-bottom: -0.5rem !important;
              }
              .ml-xl-n2,
              .mx-xl-n2 {
                margin-left: -0.5rem !important;
              }
              .m-xl-n3 {
                margin: -1rem !important;
              }
              .mt-xl-n3,
              .my-xl-n3 {
                margin-top: -1rem !important;
              }
              .mr-xl-n3,
              .mx-xl-n3 {
                margin-right: -1rem !important;
              }
              .mb-xl-n3,
              .my-xl-n3 {
                margin-bottom: -1rem !important;
              }
              .ml-xl-n3,
              .mx-xl-n3 {
                margin-left: -1rem !important;
              }
              .m-xl-n4 {
                margin: -1.5rem !important;
              }
              .mt-xl-n4,
              .my-xl-n4 {
                margin-top: -1.5rem !important;
              }
              .mr-xl-n4,
              .mx-xl-n4 {
                margin-right: -1.5rem !important;
              }
              .mb-xl-n4,
              .my-xl-n4 {
                margin-bottom: -1.5rem !important;
              }
              .ml-xl-n4,
              .mx-xl-n4 {
                margin-left: -1.5rem !important;
              }
              .m-xl-n5 {
                margin: -3rem !important;
              }
              .mt-xl-n5,
              .my-xl-n5 {
                margin-top: -3rem !important;
              }
              .mr-xl-n5,
              .mx-xl-n5 {
                margin-right: -3rem !important;
              }
              .mb-xl-n5,
              .my-xl-n5 {
                margin-bottom: -3rem !important;
              }
              .ml-xl-n5,
              .mx-xl-n5 {
                margin-left: -3rem !important;
              }
              .m-xl-auto {
                margin: auto !important;
              }
              .mt-xl-auto,
              .my-xl-auto {
                margin-top: auto !important;
              }
              .mr-xl-auto,
              .mx-xl-auto {
                margin-right: auto !important;
              }
              .mb-xl-auto,
              .my-xl-auto {
                margin-bottom: auto !important;
              }
              .ml-xl-auto,
              .mx-xl-auto {
                margin-left: auto !important;
              }
            }

            .text-monospace {
              font-family: SFMono-Regular, Menlo, Monaco, Consolas, "Liberation Mono", "Courier New", monospace !important;
            }

            .text-justify {
              text-align: justify !important;
            }

            .text-wrap {
              white-space: normal !important;
            }

            .text-nowrap {
              white-space: nowrap !important;
            }

            .text-truncate {
              overflow: hidden;
              text-overflow: ellipsis;
              white-space: nowrap;
            }

            .text-left {
              text-align: left !important;
            }

            .text-right {
              text-align: right !important;
            }

            .text-center {
              text-align: center !important;
            }

            @media (min-width: 576px) {
              .text-sm-left {
                text-align: left !important;
              }
              .text-sm-right {
                text-align: right !important;
              }
              .text-sm-center {
                text-align: center !important;
              }
            }

            @media (min-width: 768px) {
              .text-md-left {
                text-align: left !important;
              }
              .text-md-right {
                text-align: right !important;
              }
              .text-md-center {
                text-align: center !important;
              }
            }

            @media (min-width: 992px) {
              .text-lg-left {
                text-align: left !important;
              }
              .text-lg-right {
                text-align: right !important;
              }
              .text-lg-center {
                text-align: center !important;
              }
            }

            @media (min-width: 1200px) {
              .text-xl-left {
                text-align: left !important;
              }
              .text-xl-right {
                text-align: right !important;
              }
              .text-xl-center {
                text-align: center !important;
              }
            }

            .text-lowercase {
              text-transform: lowercase !important;
            }

            .text-uppercase {
              text-transform: uppercase !important;
            }

            .text-capitalize {
              text-transform: capitalize !important;
            }

            .font-weight-light {
              font-weight: 300 !important;
            }

            .font-weight-lighter {
              font-weight: lighter !important;
            }

            .font-weight-normal {
              font-weight: 400 !important;
            }

            .font-weight-bold {
              font-weight: 700 !important;
            }

            .font-weight-bolder {
              font-weight: bolder !important;
            }

            .font-italic {
              font-style: italic !important;
            }

            .text-white {
              color: #fff !important;
            }

            .text-primary {
              color: #007bff !important;
            }

            a.text-primary:hover, a.text-primary:focus {
              color: #0056b3 !important;
            }

            .text-secondary {
              color: #6c757d !important;
            }

            a.text-secondary:hover, a.text-secondary:focus {
              color: #494f54 !important;
            }

            .text-success {
              color: #28a745 !important;
            }

            a.text-success:hover, a.text-success:focus {
              color: #19692c !important;
            }

            .text-info {
              color: #17a2b8 !important;
            }

            a.text-info:hover, a.text-info:focus {
              color: #0f6674 !important;
            }

            .text-warning {
              color: #ffc107 !important;
            }

            a.text-warning:hover, a.text-warning:focus {
              color: #ba8b00 !important;
            }

            .text-danger {
              color: #dc3545 !important;
            }

            a.text-danger:hover, a.text-danger:focus {
              color: #a71d2a !important;
            }

            .text-light {
              color: #f8f9fa !important;
            }

            a.text-light:hover, a.text-light:focus {
              color: #cbd3da !important;
            }

            .text-dark {
              color: #343a40 !important;
            }

            a.text-dark:hover, a.text-dark:focus {
              color: #121416 !important;
            }

            .text-body {
              color: #212529 !important;
            }

            .text-muted {
              color: #6c757d !important;
            }

            .text-black-50 {
              color: rgba(0, 0, 0, 0.5) !important;
            }

            .text-white-50 {
              color: rgba(255, 255, 255, 0.5) !important;
            }

            .text-hide {
              font: 0/0 a;
              color: transparent;
              text-shadow: none;
              background-color: transparent;
              border: 0;
            }

            .text-decoration-none {
              text-decoration: none !important;
            }

            .text-break {
              word-break: break-word !important;
              overflow-wrap: break-word !important;
            }

            .text-reset {
              color: inherit !important;
            }

            .visible {
              visibility: visible !important;
            }

            .invisible {
              visibility: hidden !important;
            }

            @media print {
              *,
              *::before,
              *::after {
                text-shadow: none !important;
                box-shadow: none !important;
              }
              a:not(.btn) {
                text-decoration: underline;
              }
              abbr[title]::after {
                content: " (" attr(title) ")";
              }
              pre {
                white-space: pre-wrap !important;
              }
              pre,
              blockquote {
                border: 1px solid #adb5bd;
                page-break-inside: avoid;
              }
              thead {
                display: table-header-group;
              }
              tr,
              img {
                page-break-inside: avoid;
              }
              p,
              h2,
              h3 {
                orphans: 3;
                widows: 3;
              }
              h2,
              h3 {
                page-break-after: avoid;
              }
              @page {
                size: a3;
              }
              body {
                min-width: 992px !important;
              }
              .container {
                min-width: 992px !important;
              }
              .navbar {
                display: none;
              }
              .badge {
                border: 1px solid #000;
              }
              .table {
                border-collapse: collapse !important;
              }
              .table td,
              .table th {
                background-color: #fff !important;
              }
              .table-bordered th,
              .table-bordered td {
                border: 1px solid #dee2e6 !important;
              }
              .table-dark {
                color: inherit;
              }
              .table-dark th,
              .table-dark td,
              .table-dark thead th,
              .table-dark tbody + tbody {
                border-color: #dee2e6;
              }
              .table .thead-dark th {
                color: inherit;
                border-color: #dee2e6;
              }
            }
        </style>
        <section class="a5-body">
            <br/>
            <div class="col-md-8 full-size-receipt-body">
                <div class="panel" style="padding:10px 10px 10px 10px">
                    <div class="row" style="margin-bottom:6px;border-bottom:1.7px solid #000;">
                        <div class="col-md-6">
                            <img class="full-size-logo" t-att-src='receipt.company.logo' alt="Logo"/>
                        </div>
                        <div class="col-md-6">
                            <p>
                                <h1 style="text-align:right;font-weight:bold;font-size: 50px !important; font-stretch:narrower;padding:5px">
                                    INVOICE
                                </h1>
                            </p>
                        </div>
                    </div>
                    <section class="row">
                        <div class="col-md-6">
                        </div>
                        <div class="col-md-6">
                            <p style="margin-left:200px;">
                                <div class="barcode">
                                    <img id="barcode" class="full-size-barcode"
                                         t-att-src="order.barcode_bas64"
                                    />
                                </div>
                            </p>
                        </div>
                        <div class="col-md-6" style="margin-bottom:20px;border-right: 1px solid #000;">
                            <style>
                                #address tr td {
                                    padding-top: 0px;
                                }
                            </style>

                            <table class="full-size">
                                <tr>
                                    <td class="text-left"><i class="fa fa-home"></i></td>
                                    <td style="padding-left: 0mm" class="text-right"><t t-esc="receipt.company.contact_address"/></td>
                                </tr>
                                <tr>
                                    <td class="text-left"><i class="fa fa-phone"></i></td>
                                    <td style="padding-left: 0mm" class="text-right"><t t-esc="receipt.company.phone or ''"/></td>
                                </tr>
                                <tr>
                                    <td class="text-left">VAT</td>
                                    <td style="padding-left: 0mm" class="text-right"><t t-esc="receipt.company.vat or ''"/></td>
                                </tr>
                                <tr>
                                    <td class="text-left"><i class="fa fa-envelope"></i></td>
                                    <td style="padding-left: 0mm" class="text-right"><t t-esc="receipt.company.email or ''"/></td>
                                </tr>
                                <tr>
                                    <td class="text-left"><i class="fa fa-building"></i></td>
                                    <t t-if="order.location">
                                        <td style="padding-left: 0mm" class="text-right"><t t-esc="order.location.name or ''"/></td>
                                    </t>
                                </tr>
                                <tr>
                                    <td class="text-left"><i class="fa fa-user"></i></td>
                                    <td style="padding-left: 0mm" class="text-right add-right">
                                        <t t-esc="receipt.cashier"/>
                                    </td>
                                </tr>
                            </table>
                        </div>
                        <t t-set="client" t-value="order.get_client()"/>
                        <div class="col-md-6">
                            <table class="full-size">
                                <tr>
                                    <td class="text-left">Order Ref</td>
                                    <td style="padding-left: 0mm" class="text-right add-right"><t t-esc="receipt.name"/></td>
                                </tr>
                                <tr>
                                    <td class="text-left"><i class="fa fa-user"></i></td>
                                    <t t-if="client">
                                        <td style="padding-left: 0mm" class="text-right add-right"><t t-esc="client.name"/></td>
                                    </t>
                                </tr>
                                <tr>
                                    <td class="text-left"><i class="fa fa-phone"></i></td>
                                    <t t-if="client">
                                        <td style="padding-left: 0mm" class="text-right add-right"><t t-esc="client.phone or ''"/></td>
                                    </t>
                                </tr>
                                <tr>
                                    <td class="text-left"><i class="fa fa-map-marker"></i></td>
                                    <t t-if="client">
                                        <td style="padding-left: 0mm" class="text-right add-right"><t t-esc="client.street or ''"/></td>
                                    </t>
                                </tr>
                                <tr>
                                    <td class="text-left"><i class="fa fa-building"></i></td>
                                    <t t-if="client">
                                        <td style="padding-left: 0mm" class="text-right add-right"><t t-esc="client.street2 or ''"/></td>
                                    </t>
                                </tr>
                                <tr>
                                    <td class="text-left"><i class="fa fa-envelope"></i></td>
                                    <t t-if="client">
                                        <td style="padding-left: 0mm" class="text-right add-right"><t t-esc="client.email or ''"/></td>
                                    </t>
                                </tr>
                            </table>
                        </div>
                    </section>
                    <style>
                        #items tr td {
                            padding-right: 31px;
                            font-weight: 501;
                        }

                        .items-list {
                            margin: 10px;
                        }
                    </style>
                    <section class="row" style="height: 210mm">
                        <table class='full-size-receipt-orderlines'>
                            <tr>
                                <th class="full-size-product-name" style="font-size: 18px">Product</th>
                                <th class="full-size-product-qty" style="font-size: 18px">Qty</th>
                                <th class="full-size-product-wty" style="font-size: 18px">Warranty</th>
                                <th class="full-size-product-price" style="font-size: 18px">Price</th>
                                <th class="full-size-product-disc" style="font-size: 18px">Disc</th>
                                <th class="full-size-product-taxes" style="font-size: 18px">Taxes</th>
                                <th class="full-size-product-subtotal" style="font-size: 18px">Sub Total</th>
                            </tr>
                            <t t-foreach='orderlines' t-as='line'>
                                <t t-set="product" t-value="line.get_product()"/>
                                <t t-set='simple'
                                   t-value='(line.discount === 0 and line.unit_name === "Units" and line.quantity === 1 and !discount_to_show and !(line.display_discount_policy == "without_discount" &amp;&amp; line.price != line.price_lst))'/>
                                <tr>
                                    <td style="border:1px solid black; text-align: left; padding: 3px">
                                        <t t-if="widget.pos.config.display_image_receipt">
                                            <div class="receipt-line">
                                                <div class="pos-receipt-left-padding">
                                                    <img class='receipt_line_image' t-att-src="line.get_line_image()"/>
                                                </div>
                                            </div>
                                        </t>
                                        <t t-call='product_name'/>
                                        <t t-if="line.discount">
                                            <div class="receipt-line pos-receipt-left-padding">
                                                Disc: <t t-esc="line.discount"/> %
                                            </div>
                                        </t>
                                        <t t-if="line.price_extra">
                                            <div class="receipt-line pos-receipt-left-padding">
                                                Price extra: <t t-esc="widget.format_currency_no_symbol(line.price_extra, 'Price extra')"/>
                                            </div>
                                        </t>
                                        <t t-if="line.discount_extra">
                                            <div class="receipt-line pos-receipt-left-padding">
                                                Discount extra: <t t-esc="line.discount_extra"/>
                                                %
                                            </div>
                                        </t>
                                        <t t-if="line.pack_lot_lines and line.pack_lot_lines.models">
                                            <t t-foreach="line.pack_lot_lines.models" t-as="lot_model">
                                                <div class="receipt-line ">
                                                    Lot: <t t-esc="lot_model.attributes.lot_name"/>
                                                </div>
                                            </t>
                                        </t>
                                        <t t-if="line.combo_items">
                                            <t t-foreach="line.combo_items" t-as="combo_item">
                                                <div class="receipt-line pos-receipt-left-padding">
                                                    +
                                                    <t t-esc="combo_item.quantity * line.quantity"/>
                                                    <t t-esc="combo_item.product_id[1]"/>
                                                </div>
                                            </t>
                                        </t>
                                        <t t-if="line.selected_combo_items">
                                            <t t-foreach="line.selected_combo_items" t-as="product_id">
                                                <t t-if="widget.pos.db.product_by_id[product_id]">
                                                    <div class="receipt-line pos-receipt-left-padding">
                                                        +
                                                        <t t-esc="line.selected_combo_items[product_id]"/>
                                                        <t t-esc="widget.pos.db.product_by_id[product_id].display_name"/>
                                                    </div>
                                                </t>
                                            </t>
                                        </t>
                                        <t t-if="line.get_line_note()">
                                            <div class="receipt-line pos-receipt-left-padding">
                                                Notes:
                                                <t t-esc="line.get_line_note()"/>
                                            </div>
                                        </t>
                                        <t t-if="line.variants">
                                            <t t-foreach="line.variants" t-as="variant">
                                                <div class="receipt-line pos-receipt-left-padding">
                                                    Variant:
                                                    <t t-esc="variant.value_id[1]"/>
                                                    with
                                                    <t t-esc="widget.format_currency_no_symbol(variant.price_extra, 'Price extra')"/>
                                                </div>
                                            </t>
                                        </t>
                                        <t t-if="line.tags and line.tags.length">
                                            <div class="receipt-line pos-receipt-left-padding">
                                                Tags:
                                                <t t-foreach="line.tags" t-as="tag">
                                                    <t t-esc="tag.name"/>
                                                </t>
                                            </div>
                                        </t>
                                    </td>
                                    <td style="border:1px solid black; text-align: center; padding: 3px">
                                        <t t-esc="line.quantity"/>
                                    </td>
                                    <td style="border:1px solid black; text-align: center; padding: 3px">
                                    </td>
                                    <td style="border:1px solid black; text-align: center; padding: 3px">
                                        <t t-esc="widget.format_currency_no_symbol(line.price)"/>
                                    </td>
                                    <td style="border:1px solid black; text-align: center; padding: 3px">
                                        <t t-esc="widget.format_currency_no_symbol(line.get_price_discount())"/>
                                    </td>
                                    <td style="border:1px solid black; text-align: center; padding: 3px">
                                        <t t-if="widget.pos.config.display_tax_receipt and line.get_tax() > 0">
                                            <div class="receipt-line pos-receipt-left-padding">
                                                <t t-esc="widget.format_currency_no_symbol(line.get_tax())"/>
                                            </div>
                                        </t>
                                    </td>
                                    <td style="border:1px solid black; text-align: right; padding: 3px">
                                        <t t-call="OrderReceiptLinePriceUnit"/>
                                    </td>
                                </tr>
                            </t>
                        </table>
                    </section>
                    <section class="row">
                        <section class="col-md-6">
                        </section>
                        <section class="col-md-6 float-right">
                            <p class="full-size-p-style" style="font-size: 20px !important; padding: 0px ;font-weight: 400"><span>Sub Total</span> <span class="float-right"><t t-esc='widget.format_currency_no_symbol(receipt.subtotal)'/></span></p>
                            <p class="full-size-p-style" style="font-size: 20px !important; padding: 0px ;font-weight: 400"><span>Taxes</span> <span class="float-right"><t t-esc="widget.format_currency_no_symbol(receipt.total_tax)"/></span></p>
                            <p class="full-size-p-style" style="font-size: 20px !important; padding: 0px ;font-weight: 400"> <span>Discount</span> <span class="float-right"><t t-esc="widget.format_currency_no_symbol(receipt.total_discount)"/></span></p>
                            <p class="full-size-p-style" style="font-size: 20px !important; padding: 0px ;font-weight: 400; border-top: 1px solid black"><span>Total</span> <span class="float-right"><t t-esc='widget.format_currency_no_symbol(receipt.total_with_tax)'/></span></p>
                            <t t-if="paymentlines">
                                <t t-foreach='paymentlines' t-as='line'>
                                    <p class="full-size-p-style" style="font-size: 20px !important; padding: 0px ;font-weight: 400">
                                        <span><t t-esc='line.name'/></span>
                                        <span class="float-right"><t t-esc='widget.format_currency_no_symbol(line.get_amount())'/></span>
                                    </p>
                                </t>
                                <br/>
                            </t>
                            <p class="full-size-p-style" style="font-size: 20px !important; padding: 0px ;font-weight: 400"><span>Change</span> <span class="float-right"><t t-esc="widget.format_currency_no_symbol(receipt.change)"/></span></p>
                        </section>
                    </section>
                    <section class="row" style="margin-top:5px;font-weight:495;">
                        <div class="col-md-6">
                            <t t-if="widget.pos.config.display_pos_order_return_policy">
                                <p class="full-size-p-style" style="font-size: 20px !important; padding: 0px ;font-weight: 400"> Return Policy Applies </p>
                                <t t-if="widget.pos.config.pos_order_return_policy">
                                    <p class="full-size-p-style" style="font-size: 20px !important; padding: 0px ;font-weight: 400"><t t-esc="widget.pos.config.pos_order_return_policy"/></p>
                                </t>
                            </t>
                        </div>
                        <div class="col-md-6">
                        </div>
                    </section>
                    <section class="row" style="margin-top:5px;font-weight:495;">
                        <div class="col-md-4">
                        </div>
                        <div class="col-md-4">
                            <t t-if="receipt.currency">
                                <p class="text-center" style="font-size: 20px !important; padding: 0px ;font-weight: 400">
                                    <t t-esc="receipt.currency.name"/>
                                </p>
                            </t>
                        </div>
                        <div class="col-md-4">
                        </div>
                    </section>
                    <section class="row" style="margin-top:5px;font-weight:495;">
                        <div class="col-md-4">
                            <p class="text-left" style="font-size: 16px !important">Customer Signature: ........................................</p>
                        </div>
                        <div class="col-md-4">
                            <p class="text-center" style="font-size: 16px !important"><t t-esc="receipt.date.localestring.split(',')[0]"/> <t t-esc="receipt.date.localestring.split(',')[1]"/></p>
                        </div>
                        <div class="col-md-4">
                            <p class="text-right" style="font-size: 16px !important;margin-right: 5px !important"><t t-esc="receipt.company.website"/></p>
                        </div>
                    </section>
                </div>
            </div>
        </section>
    </t>

</templates>
