<?xml version="1.0" encoding="utf-8"?>
<odoo>

    <record id="group_pos_report" model="res.groups">
        <field name="name">Retail: Report</field>
        <field name="category_id" ref="base.module_category_point_of_sale"/>
        <field name="implied_ids" eval="[(4, ref('point_of_sale.group_pos_user')), (4, ref('stock.group_stock_user'))]"/>
    </record>

    <record model="ir.module.category" id="module_pos_retail">
        <field name="name">Retail Branch</field>
        <field name="sequence">11</field>
    </record>

    <record id="group_branch_user" model="res.groups">
        <field name="name">User</field>
        <field name="implied_ids" eval="[(4, ref('base.group_user'))]"/>
        <field name="category_id" ref="module_pos_retail"/>
    </record>

    <record id="group_branch_manager" model="res.groups">
        <field name="name">Manager</field>
        <field name="category_id" ref="module_pos_retail"/>
        <field name="implied_ids" eval="[(4, ref('group_branch_user'))]"/>
        <field name="users" eval="[(4, ref('base.user_root'))]"/>
    </record>

</odoo>
