<?xml version="1.0" encoding="UTF-8"?>
<templates id="template" xml:space="preserve">

    <t t-name="membership_card_html">
        <div class="pos-sale-ticket">
            <div class="pos-center-align">
                <h1><t t-esc="group.name"/></h1>
                <div >
                    <img t-att-src='widget.image_by_group_url(group.id)' t-attf-style='width: #{ group.width}px; height: #{ group.height }px'/>
                </div>
                <t t-esc="partner.name"/>
                <t t-if="partner.ref">
                    <t t-esc="partner.ref"/>
                </t>
                <div>
                    <img id="barcode" class="barcode_footer"/>
                </div>
            </div>
        </div>
    </t>

    <t t-name="membership_card_xml">
        <receipt align='center' width='40' value-thousands-separator='' >
            <h1><t t-esc="group.name"/></h1>
            <t t-esc="partner.name"/>
            <t t-if="partner.ref">
                <t t-esc="partner.ref"/>
            </t>
            <barcode encoding="ean13"><t t-esc='partner.barcode'/></barcode>
        </receipt>
    </t>

    <t t-name="popup_create_customer">
        <div role="dialog" class="modal-dialog">
            <div class="popup full-form touch-scrollable scrollable-y">
                <div class="card">
                    <div class="card-content">
                        <h4 class="card-title"><t t-esc=" widget.options.title || '' " /></h4>
                        <div class="col-md-4 col-sm-4">
                            <div class="form-group label-floating">
                                <div class='client-picture'>
                                    <t><i class='fa fa-camera'></i></t>
                                    <input type='file' class='image-uploader'></input>
                                </div>
                            </div>
                        </div>
                        <div class="client-details-box clearfix">
                            <div class="client-details-left">
                                <div class="row">
                                    <span class='label voucher-label'>
                                        Name
                                    </span>
                                    <input class="form-control partner_input input_required" name="name" required="true" />
                                </div>
                                <t t-if="widget.pos.partner_titles">
                                    <div class="row">
                                        <span class='label voucher-label'>Title</span>
                                        <select class='form-control voucher-select partner_input' name='title'>
                                             <t t-foreach='widget.pos.partner_titles' t-as='partner_title'>
                                                <option t-att-value='partner_title.id'>
                                                    <t t-esc='partner_title.name'/>
                                                </option>
                                            </t>
                                        </select>
                                    </div>
                                </t>
                                <div class="row">
                                    <span class='label voucher-label'>Street</span>
                                    <input class="form-control partner_input" name="street" required="true" />
                                </div>
                                <div class="row">
                                    <span class='label voucher-label'>City</span>
                                    <input class="form-control partner_input" name="city" required="true" />
                                </div>
                                <div class="row">
                                    <span class='label voucher-label'>Email</span>
                                    <input class="form-control partner_input" name="email" required="true" />
                                </div>
                                <div class="row">
                                    <span class='label voucher-label'>Phone</span>
                                    <input class="form-control partner_input" name="phone" required="true" />
                                </div>
                                <div class="row">
                                    <span class='label voucher-label'>Mobile</span>
                                    <input class="form-control partner_input" name="mobile" required="true" />
                                </div>
                            </div>
                            <div class="client-details-right">
                                <div class="row">
                                    <span class='label voucher-label'>Birthday</span>
                                    <input class="form-control partner_input datepicker" name="birthday_date"/>
                                </div>
                                <div class="row">
                                    <span class='label voucher-label'>Barcode</span>
                                    <input class="form-control partner_input" name="barcode" required="true" />
                                </div>
                                <div class="row">
                                    <span class='label voucher-label'>Tax ID</span>
                                    <input class="form-control partner_input" name="vat" required="true" />
                                </div>
                                <div class="row">
                                    <span class='label voucher-label'>Postcode</span>
                                    <input class="form-control partner_input" name="zip" required="true" />
                                </div>
                                <div class='row'>
                                    <span class='label voucher-label'>Internal notes</span>
                                    <input class='form-control partner_input' name='comment'></input>
                                </div>
                                <t t-if="widget.pos.pricelists">
                                    <div class="row">
                                        <span class='label voucher-label'>Pricelist</span>
                                        <select class='form-control voucher-select partner_input' name='property_product_pricelist'>
                                             <t t-foreach='widget.pos.pricelists' t-as='pricelist'>
                                                <option t-att-value='pricelist.id'>
                                                    <t t-esc='pricelist.display_name'/>
                                                </option>
                                            </t>
                                        </select>
                                    </div>
                                </t>
                                <div class="row">
                                    <span class='label voucher-label'>Country</span>
                                    <select class='form-control voucher-select partner_input' name='country_id'>
                                        <option value=''>None</option>
                                        <t t-foreach='widget.pos.countries' t-as='country'>
                                            <option t-att-value='country.id'>
                                                <t t-esc='country.name'/>
                                            </option>
                                        </t>
                                    </select>
                                </div>
                            </div>
                        </div>
                        <span class="card-issue"/>
                        <div class="form-footer text-center">
                            <div class="btn btn-success pull-right confirm">
                                Confirm <i class="fa fa-keyboard"></i> (Enter)
                            </div>
                            <div class="btn btn-danger pull-left cancel">
                                Close <i class="fa fa-keyboard"></i> (ESC)
                            </div>
                        </div>
                    </div>
                </div>
            </div>
        </div>
    </t>

    <t t-extend="ClientListScreenWidget">
        <t t-jquery="span[class*='button back']" t-operation="replace">
            <span class="button back">
                Back
                <span class="keyboard-shortcut">
                    <i class="fa fa-keyboard"/>
                    ESC
                </span>
            </span>
        </t>
        <t t-jquery="table[class*='client-list']" t-operation="replace">
            <table class='client-list'>
                <thead>
                    <tr>
                        <th><a href="#" class="sort sort_by_id">ID</a></th>
                        <t t-if="!widget.pos.config.hide_title">
                            <th>Title</th>
                        </t>
                        <th><a href="#" class="sort sort_by_name">Name</a></th>
                        <th>
                            <a href="#" class="sort sort_by_address">
                                Address
                                <span class="keyboard-shortcut">
                                    <i class="fa fa-keyboard"/>
                                    Enter
                                </span>
                            </a>
                        </th>
                        <t t-if="!widget.pos.config.hide_phone">
                            <th><a href="#" class="sort sort_by_phone">Phone</a></th>
                        </t>
                        <t t-if="!widget.pos.config.hide_mobile">
                            <th><a href="#" class="sort sort_by_mobile">Mobile</a></th>
                        </t>
                        <th><a href="#" class="sort sort_by_birthdate">BirthDate</a></th>
                        <th><a href="#" class="sort sort_by_pos_loyalty_point">Points</a></th>
                        <th><a href="#" class="sort sort_by_balance">Credit</a></th>
                        <t t-if="!widget.pos.config.hide_pricelist">
                            <th>Pricelist</th>
                        </t>
                    </tr>
                </thead>
                <tbody class='client-list-contents'>
                </tbody>
            </table>
        </t>
        <t t-jquery="span[class*='new-customer']" t-operation="replace">
            <t t-if="widget.pos.config.add_client">
                <span class='button new-customer' role="img" aria-label="Add a customer" title="Add a customer">
                    <i class='fa fa-user'></i>
                    <i class='fa fa-plus'></i>
                </span>
            </t>
        </t>
    </t>

    <t t-extend="ClientLine">
        <t t-jquery="tr[class*='client-line']" t-operation="replace">
            <tr class='client-line' t-att-data-id='partner.id'>
                <td><t t-esc='partner.id' /></td>
                <t t-if="!widget.pos.config.hide_title">
                    <td>
                        <t t-if="partner.title">
                            <t t-esc='partner.title[1]' />
                        </t>
                        <t t-else="">
                            N/A
                        </t>
                    </td>
                </t>
                <td><t t-esc='partner.name' /></td>
                <td><t t-esc='partner.address' /></td>
                <t t-if="!widget.pos.config.hide_phone">
                    <td><t t-esc='partner.phone or ""' /></td>
                </t>
                <t t-if="!widget.pos.config.hide_mobile">
                    <td><t t-esc='partner.mobile or ""' /></td>
                </t>
                <td><t t-esc='partner.birthday_date or "N/A"' /></td>
                <td><t t-esc='widget.chrome.format_currency_no_symbol(partner.pos_loyalty_point) or "0"' /></td>
                <td><t t-esc='widget.chrome.format_currency_no_symbol(partner.balance) or "0"' /></td>
                <t t-if="!widget.pos.config.hide_pricelist">
                    <td>
                        <t t-if="partner.property_product_pricelist">
                            <t t-esc='partner.property_product_pricelist[1]' />
                        </t>
                        <t t-els="">
                            N/A
                        </t>
                    </td>
                </t>
            </tr>
        </t>
    </t>

    <t t-extend="ClientDetailsEdit">
        <t t-jquery="section[class*='client-details']" t-operation="replace">
            <div class="header">
                <button class='btn btn-default button undo'>Discard</button>
                <button class='btn btn-success button save'>Save</button>
            </div>
            <section class='touch-scrollable scrollable-y client-details' style="max-height: 600px;min-height: 300px;height: fit-content;">
                <div class='client-picture'>
                    <t t-if='!partner.id'>
                        <i class='fa fa-camera'></i>
                    </t>
                    <t t-if='partner.id'>
                        <img t-att-src='widget.partner_icon_url(partner.id)' />
                    </t>
                    <input type='file' class='image-uploader'></input>
                </div>
                <div class='client-details-box clearfix'>
                    <span class="card-issue"/>
                    <div class='client-details-left'>
                        <div class='client-detail'>
                            <span class='label'>Name</span>
                            <input class='detail client-name' name='name' t-att-value='partner.name' placeholder='Name'></input>
                        </div>
                        <t t-if="widget.pos.partner_titles">
                            <div class='client-detail'>
                                <span class='label'>Title</span>
                                <select class='detail client-address-country needsclick' name='title'>
                                    <option value=''>None</option>
                                    <t t-foreach='widget.pos.partner_titles' t-as='partner_title'>
                                        <option t-att-value='partner_title.id' t-att-selected="partner.title ? ((partner_title.id === partner.title[0]) ? true : undefined) : undefined">
                                            <t t-esc='partner_title.name'/>
                                        </option>
                                    </t>
                                </select>
                            </div>
                        </t>
                        <div class='client-detail'>
                            <span class='label'>Street</span>
                            <input class='detail client-address-street' name='street' t-att-value='partner.street || ""' placeholder='Street'></input>
                        </div>
                        <div class='client-detail'>
                            <span class='label'>City</span>
                            <input class='detail client-address-city' name='city' t-att-value='partner.city || ""' placeholder='City'></input>
                        </div>
                        <div class='client-detail'>
                            <span class='label'>Postcode</span>
                            <input class='detail client-address-zip' name='zip' t-att-value='partner.zip || ""' placeholder='ZIP'></input>
                        </div>
                        <div class='client-detail'>
                            <div class='client-detail'>
                                <span class='label'>Internal notes</span>
                                <input class='detail client-comment' name='comment' t-att-value='partner.comment || ""' placeholder='Internal note'></input>
                            </div>
                        </div>
                        <t t-if="!widget.pos.config.hide_country">
                            <div class='client-detail'>
                                <span class='label'>Country</span>
                                <select class='detail client-address-country needsclick' name='country_id'>
                                    <option value=''>None</option>
                                    <t t-foreach='widget.pos.countries' t-as='country'>
                                        <option t-att-value='country.id' t-att-selected="partner.country_id ? ((country.id === partner.country_id[0]) ? true : undefined) : undefined">
                                            <t t-esc='country.name'/>
                                        </option>
                                    </t>
                                </select>
                            </div>
                        </t>
                    </div>
                    <div class='client-details-right'>
                        <t t-if="!widget.pos.config.hide_email">
                            <div class='client-detail'>
                                <span class='label'>Email</span>
                                <input class='detail client-email'  name='email'    type='email'    t-att-value='partner.email || ""'></input>
                            </div>
                        </t>
                        <t t-if="!widget.pos.config.hide_phone">
                            <div class='client-detail'>
                                <span class='label'>Phone</span>
                                <input class='detail client-phone'  name='phone'    type='tel'      t-att-value='partner.phone || ""'></input>
                            </div>
                        </t>
                        <t t-if="!widget.pos.config.hide_mobile and !widget.pos.config.hide_phone">
                            <div class='client-detail'>
                                <span class='label'>Mobile</span>
                                <input class='detail client-mobile'  name='mobile'    type='mobile'      t-att-value='partner.mobile || ""'></input>
                            </div>
                        </t>
                        <div class='client-detail'>
                            <span class='label'>Birthday</span>
                            <input class='detail client-birthday_date datepicker'  name='birthday_date'  t-att-value='partner.birthday_date || ""'></input>
                        </div>
                        <t t-if="!widget.pos.config.hide_barcode">
                            <div class='client-detail'>
                                <span class='label'>Barcode</span>
                                <input class='detail barcode'       name='barcode'    t-att-value='partner.barcode || ""'></input>
                            </div>
                        </t>
                        <t t-if="!widget.pos.config.hide_tax">
                            <div class='client-detail'>
                                <span class='label'>Tax ID</span>
                                <input class='detail vat'           name='vat'     t-att-value='partner.vat || ""'></input>
                            </div>
                        </t>
                        <t t-if="!widget.pos.config.hide_pricelist">
                            <div t-attf-class='client-detail #{widget.pos.pricelists.length &lt;= 1 ? "oe_hidden" : ""}'>
                                <span class='label'>Pricelist</span>
                                <select class='detail client-address-country needsclick' name='property_product_pricelist'>
                                    <option value=''>None</option>
                                    <t t-foreach='widget.pos.pricelists' t-as='pricelist'>
                                        <option t-att-value='pricelist.id' t-att-selected="pricelist.id ? ( partner.property_product_pricelist and (pricelist.id === partner.property_product_pricelist[0]) ? true : undefined) : undefined">
                                            <t t-esc='pricelist.name'/>
                                        </option>
                                    </t>
                                </select>
                            </div>
                        </t>
                    </div>
                </div>
            </section>
        </t>
    </t>

    <t t-extend="ClientDetails">
        <t t-jquery="section[class*='client-details']" t-operation="before">
            <t t-if="widget.pos.config.update_client">
                <div class="header">
                    <button class='btn btn-default button edit'>Edit</button>
                    <button class='btn btn-default button purchased-histories'>
                        Purchase Histories<span class="notification"><t t-esc="partner.orders_count"/></span>
                    </button>
                    <button class='btn btn-default button print_card'>
                        <i class="fa fa-print"/>
                        Print Member Card
                    </button>
                </div>
            </t>
        </t>
        <t t-jquery="div[class*='edit-buttons']" t-operation="replace"/>
        <t t-jquery="div[class*='client-details-left']" t-operation="append">
            <t t-if="!widget.pos.config.hide_title">
                <div class='client-detail'>
                    <span class='label'>Title</span>
                    <span class='detail'>
                        <t t-if="partner.title">
                            <t t-esc="partner.title[1]"/>
                        </t>
                        <t t-else="">
                            N/A
                        </t>
                    </span>
                </div>
            </t>
            <t t-if="!widget.pos.config.hide_mobile">
                <div class='client-detail'>
                    <span class='label'>Mobile</span>
                    <span class='detail'><t t-esc='partner.mobile || "N/A"'/></span>
                </div>
            </t>
            <t t-if="partner.vat">
                <div class='client-detail'>
                    <span class='label'>TIN</span>
                    <span class='detail'><t t-esc='partner.vat'/></span>
                </div>
            </t>
            <t t-if="partner.comment">
                <div class='client-detail'>
                    <span class='label'>Internal notes</span>
                    <span class='detail'><t t-esc='partner.comment'/></span>
                </div>
            </t>
        </t>
        <t t-jquery="div[class*='client-details-right']" t-operation="append">
            <t t-if="partner.property_account_position_id">
                <div class='client-detail'>
                    <span class='label'>Fiscal Position</span>
                    <span class='detail'><t t-esc='partner.property_account_position_id[1]'/></span>
                </div>
            </t>
            <div class='client-detail'>
                <span class='label'>Wallet</span>
                <span class='detail'><t t-esc='widget.format_currency_no_symbol(partner.wallet)'/></span>
            </div>
            <div class='client-detail'>
                <span class='label'>Credit</span>
                <span class='detail'><t t-esc='widget.chrome.format_currency_no_symbol(partner.balance)'/></span>
            </div>
        </t>
    </t>

</templates>
