<?xml version="1.0" encoding="UTF-8"?>
<templates id="template" xml:space="preserve">

    <t t-extend="CustomerFacingDisplayHead">
        <t t-jquery="div[class*='resources']" t-operation="replace">
            <div class="resources">
                <base t-att-href="origin"/>
                <link href="/pos_retail/static/src/css/CustomerFacingScreen.css" rel="stylesheet"/>
                <script type="text/javascript">
                    // This function needs to be named that way, call it the foreign JS API
                    // The iotbox will execute it, with the behavior intended
                    function foreign_js(){
                        if ($('.pos-adv').hasClass('pos-hidden')) {
                            $('.pos-customer_facing_display').addClass('pos-js_no_ADV');
                        }
                        $(window).on('resize', function () {
                            $('.pos-customer_facing_display').toggleClass('pos-js_no_ADV', $('.pos-adv').hasClass('pos-hidden'));
                        }).trigger('resize');
                    };
                </script>
            </div>
        </t>
    </t>

    <t t-name="CustomerFacingDisplayOrderLines">
        <t t-set='index' t-value="1"/>
        <t t-foreach="orderlines" t-as="orderline">
            <div class="pos_orderlines_item">
                <div><div t-attf-style="background-image:url(#{orderline.product.image_base64})"/></div>
                <div>
                        <tr>
                            <t t-esc="index"/>
                            .
                            <t t-esc="orderline.product.display_name"/>
                        </tr>
                    <tr t-if="orderline.discount">
                            Disc <t t-esc="orderline.discount"/>
                        %
                        </tr>
                    <tr t-if="orderline.note">
                            <i class="fa fa-edit"/>
                        <t t-esc="orderline.note"/>
                        </tr>
                    </div>
                <div><t t-esc="orderline.get_quantity_str()" /></div>
                <div><t t-esc="widget.format_currency(orderline.get_display_price())"/></div>
            </div>
            <t t-set='index' t-value="index + 1"/>
        </t>
    </t>

    <t t-name="CustomerFacingScreenWidget">
        <div class="oe_status js_synch" title="Customer Facing Screen">
            <div class="js_connected oe_icon oe_green customer-facing-screen">
                <i class='fa fa-fw fa-desktop' role="img" aria-label="Customer Facing Screen" title="Customer Facing Screen"></i>
            </div>
        </div>
    </t>

</templates>
