<?xml version="1.0" encoding="UTF-8"?>
<templates id="template" xml:space="preserve">

    <t t-name="PosOrderScreenHeader">
        <div class="oe_status shop_logo pos-orders-screen" title="POS Orders Screen">
            <img class="logo_shop_header" src="/pos_retail/static/src/icons/find.png"/>
            <span class="keyboard-shortcut">O</span>
        </div>
    </t>

    <t t-name="popup_shipping_address">
        <div role="dialog" class="modal-dialog">
            <div class="popup full-form touch-scrollable scrollable-y">
                <div class="card">
                    <div class="card-content">
                        <h4 class="card-title"><t t-esc=" widget.options.title || '' " /></h4>
                        <t t-if="widget.options.body">
                            <p class="body"><t t-esc=" widget.options.body || '' " /></p>
                        </t>
                        <t t-if="widget.options.order">
                            <t t-set="client" t-value="widget.options.order.get_client()"/>
                            <div class="client-details-box clearfix">
                                <div class="client-details-left">
                                    <div class="row">
                                        <span class="label voucher-label">Customer Name</span>
                                        <input class='form-control booking_field input_required'
                                               t-att-value='client.name || ""' name="name"/>
                                    </div>
                                    <div class="row">
                                        <span class="label voucher-label">Phone</span>
                                        <input class='form-control booking_field input_required'
                                               t-att-value='client.phone || ""' name="phone"/>
                                    </div>
                                    <div class="row">
                                        <span class="label voucher-label">Mobile</span>
                                        <input class='form-control booking_field input_required'
                                               t-att-value='client.mobile || ""' name="mobile"/>
                                    </div>
                                    <div class="row">
                                        <span class='label voucher-label'>Street</span>
                                        <input type="text" class="form-control booking_field input_required"
                                               name="street" t-att-value="client.street || ''"/>
                                    </div>
                                    <div class="row">
                                        <span class='label voucher-label'>Street 2</span>
                                        <input type="text" class="form-control booking_field input_required"
                                               name="street2" t-att-value="client.street2 || ''"/>
                                    </div>
                                    <div class="row">
                                        <span class='label voucher-label'>City</span>
                                        <input type="text" class="form-control booking_field" name="city"
                                               t-att-value="client.city || ''"/>
                                    </div>
                                </div>
                                <div class="client-details-right">
                                    <div class="row">
                                        <span class='label voucher-label'>Customer Notes</span>
                                        <input type="text" class="form-control booking_field" name="comment"
                                               t-att-value="client.comment || ''"/>
                                    </div>
                                    <div class="row">
                                        <span class='label voucher-label'>Email</span>
                                        <input type="text" class="form-control booking_field" name="email"
                                               t-att-value="client.email || ''"/>
                                    </div>
                                    <div class="row">
                                        <span class="label voucher-label">Signature</span>
                                        <div class="pos_signature" name="pos_signature"/>
                                    </div>
                                    <div class="row">
                                        <span class='label voucher-label'>Shipping Notes</span>
                                        <input type="text" class="form-control booking_field" name="shipping_notes"
                                               t-att-value="widget.options.order.get_note() || ''"/>
                                    </div>
                                    <div class="row">
                                        <label class="label checkbox-label">Save to New Shipping Address</label>
                                        <input type="checkbox"
                                               name="new_shipping_address"
                                               style="box-shadow:none;width: 20px;margin-top: -8px;"
                                               class="booking_field popup_field">
                                            <span class="checkbox-material"><span class="check"></span></span>
                                        </input>
                                    </div>
                                    <div class="row">
                                        <label class="label checkbox-label">COD 100% (Shipping Order to Customer and get Total Amount)</label>
                                        <input type="checkbox"
                                               name="cod"
                                               checked="true"
                                               style="box-shadow:none;width: 20px;margin-top: -8px;"
                                               class="booking_field popup_field">
                                            <span class="checkbox-material"><span class="check"></span></span>
                                        </input>
                                    </div>
                                </div>
                            </div>
                        </t>
                        <span class="card-issue"/>
                        <div class="form-footer text-center">
                            <div class="btn btn-success pull-right confirm">
                                Confirm <i class="fa fa-keyboard"></i> (Enter)
                            </div>
                            <div class="btn btn-danger pull-left cancel">
                                Close <i class="fa fa-keyboard"></i> (ESC)
                            </div>
                        </div>
                    </div>
                </div>
            </div>
        </div>
    </t>

    <t t-name="popup_register_payment">
        <div class="modal-dialog">
            <div class="popup popup-text">
                <div class="card">
                    <div class="card-content">
                        <h4 class="card-title">
                            <t t-if="widget.options.order">
                                Register payment for Order ref: <t t-esc="widget.options.order.pos_reference"/>
                            </t>
                        </h4>
                        <div class="card">
                            <div class="card-content">
                                <div class="row">
                                    <label class="label voucher-label">Debit</label>
                                    <input class="form-control field input_required"
                                           type="number"
                                           name="amount"
                                           t-att-value="widget.options.amount_debit"
                                           required="true"/>
                                </div>
                                <div class="row">
                                    <label class="label voucher-label">Payment Reference</label>
                                    <input class="form-control field input_required"
                                           type="text"
                                           name="payment_reference"
                                           required="true"/>
                                </div>
                                <div class="row">
                                    <label class="label voucher-label">Payment Date</label>
                                    <input class="form-control datepicker field input_required"
                                           type="text"
                                           name="payment_date"
                                           required="true"/>
                                </div>
                                <t t-if="widget.pos.payment_methods">
                                    <div class="row">
                                        <label class="label voucher-label">Payment Mode (Method)</label>
                                        <select class='form-control voucher-select field input_required'
                                                name='payment_method_id'>
                                            <t t-foreach='widget.pos.payment_methods' t-as='payment_method'>
                                                <option t-att-value='payment_method.id'>
                                                    <t t-esc='payment_method.name'/>
                                                </option>
                                            </t>
                                        </select>
                                    </div>
                                </t>
                            </div>
                            <span class="card-issue"/>
                            <div class="form-footer text-center">
                                <span class="btn confirm">
                                    Payment <i class='fa fa-keyboard'/>
                                    (Enter)
                                </span>
                                <span class="btn btn-success payment-full">
                                    Payment Full
                                </span>
                                <span class="btn btn-danger cancel">
                                    Close <i class='fa fa-keyboard'/>
                                    (ESC)
                                </span>
                            </div>
                        </div>
                    </div>
                </div>
            </div>
        </div>
    </t>

    <t t-name="popup_return_pos_order_lines">
        <div class="modal-dialog">
            <div class="swal2-content list-line">
                <div class="card">
                    <div class="card-content">
                        <t t-if="widget.options.order">
                            <h4 class="card-title">
                                Return : <t t-esc="widget.options.order.name"/>
                            </h4>
                        </t>
                        <div class="table-responsive">
                            <table class="table table-striped">
                                <tbody>
                                </tbody>
                            </table>
                        </div>
                    </div>
                    <span class="card-issue"/>
                    <footer>
                        <div class="card-footer text-center">
                            <div class="btn btn-success confirm_return_order">
                                Confirm <i class='fa fa-keyboard'/>
                                (Enter)
                            </div>
                            <div class="btn btn-default select_all">
                                <i class="fa fa-check"/>
                                Select All
                            </div>
                            <div class="btn btn-default un_select_all">
                                <i class="fa fa-check"/>
                                Un Select All
                            </div>
                            <div class="btn btn-danger cancel">
                                Close <i class='fa fa-keyboard'/>
                                (ESC)
                            </div>
                        </div>
                    </footer>
                </div>
            </div>
        </div>
    </t>

    <t t-name="popup_refill_pos_order_lines">
        <div class="modal-dialog">
            <div class="swal2-content list-line">
                <div class="card">
                    <div class="card-content">
                        <t t-if="widget.options.order">
                            <h4 class="card-title">
                                Refill like Order: <t t-esc="widget.options.order.name"/>
                            </h4>
                        </t>
                        <div class="table-responsive">
                            <table class="table table-striped">
                                <tbody>
                                </tbody>
                            </table>
                        </div>
                    </div>
                    <span class="card-issue"/>
                    <footer>
                        <div class="card-footer text-center">
                            <div class="btn btn-success confirm_refill_order">
                                <i class="fa fa-check"/>
                                Confirm Refill Selected Lines
                            </div>
                            <div class="btn btn-danger cancel">
                                Close <i class='fa fa-keyboard'/>
                                (ESC)
                            </div>
                        </div>
                    </footer>
                </div>
            </div>
        </div>
    </t>

    <t t-name="return_pos_order_line">
        <tr style="border-bottom: 1px solid">
            <td class="text-left"></td>
            <td class="text-left">Select</td>
            <td class="text-left">Product</td>
            <td class="text-left">Price Unit</td>
            <td class="text-center">Return Qty</td>
            <td class="text-center">Minus Qty</td>
            <td class="text-right">Plus Qty</td>
            <td class="text-right">Sub Total</td>
        </tr>
        <t t-set="count" t-value="1"/>
        <t t-foreach="order_lines || []" t-as="line">
            <tr>
                <td class="text-center"><t t-esc="count"/></td>
                <td>
                    <div class="checkbox">
                        <label>
                            <input class="line-select" type="checkbox" name="optionsCheckboxes" checked="true"
                                   t-att-data-id="line.id">
                                <span class="checkbox-material"><span class="check"></span></span>
                            </input>
                        </label>
                    </div>
                </td>
                <td class="text-left"><t t-esc="widget.pos.generate_wrapped_name(line.product_id[1])[0]"/> </td>
                <td class="text-left"><t t-esc="widget.format_currency(line.price_unit)"/></td>
                <td class="text-left">
                    <img class="order_logo" src="/pos_retail/static/src/icons/shopping_cart_header.png"/>
                    <span class="qty"><t t-esc="line.qty"/></span>
                </td>
                <td class="text-center qty_minus" t-att-data-id="line.id">
                    <t t-if="line.qty > 1">
                        <div class="btn btn-danger button-icon">
                            <img src="/pos_retail/static/src/icons/minus.png" class="right_pane_logo"/>
                        </div>
                    </t>
                </td>
                <td class="text-center qty_plus" t-att-data-id="line.id">
                    <div class="btn btn-success button-icon">
                        <img src="/pos_retail/static/src/icons/plus.png" class="right_pane_logo"/>
                    </div>
                </td>
                <td class="text-right">
                    <span class="price">
                        <t t-esc="widget.format_currency(line.price_subtotal_incl)"/>
                    </span>
                </td>
            </tr>
            <t t-set="count" t-value="count + 1"/>
        </t>
    </t>

    <t t-name="pos_orders_screen">
        <div class="clientlist-screen screen">
            <div class="full_width screen-content">
                <section class="top-content">
                    <span class='button back'>
                        Back
                    </span>
                    <span class='searchbox search-pos-order'>
                        <input placeholder='Find POS Order'/>
                        <span class="search-clear left">
                            <i class="fa fa-search"></i>
                        </span>
                        <span class="search-clear right">
                            <i class="fa fa-remove"></i>
                        </span>
                    </span>
                    <span class="button button_sync">
                        Sync
                        <i class="fa fa-refresh"></i>
                    </span>
                    <span class='button button-top-right highlight only_partial_payment_orders'>
                        Partial Orders not Paid full
                        <i class='fa fa-info'></i>
                    </span>
                </section>
                <section class="full-content">
                    <div class='window'>
                        <section class='subwindow collapsed'>
                            <div class='subwindow-container collapsed'>
                                <div class='subwindow-container-fix pos_detail'>
                                </div>
                            </div>
                        </section>
                        <section class='subwindow'>
                            <div class='subwindow-container'>
                                <div class='subwindow-container-fix touch-scrollable scrollable-y'>
                                    <table class='client-list'>
                                        <thead>
                                            <tr>
                                                <th><a href="#" class="sort sort_by_pos_order_id">ID</a></th>
                                                <th><a href="#" class="sort sort_by_session">Session</a></th>
                                                <th><a href="#" class="sort sort_by_order_date">Date</a></th>
                                                <th><a href="#" class="sort sort_by_order_ref">Ref</a></th>
                                                <th><a href="#" class="sort sort_by_pos_order_name">Name</a></th>
                                                <th><a href="#" class="sort sort_by_pos_order_barcode">Barcode</a></th>
                                                <th><a href="#" class="sort sort_by_pos_order_sale_person">Sale Person</a></th>
                                                <th><a href="#" class="sort sort_by_pos_order_partner_name">Partner</a></th>
                                                <th><a href="#" class="sort sort_by_pos_order_amount_total">Total</a></th>
                                                <th><a href="#" class="sort sort_by_pos_order_amount_paid">Paid</a></th>
                                                <th><a href="#" class="sort sort_by_pos_order_amount_tax">Tax</a></th>
                                                <th><a href="#">Debit</a></th>
                                                <th name="state"><a href="#" class="sort sort_by_pos_order_state">State</a></th>
                                                <th>Is Returned</th>
                                            </tr>
                                        </thead>
                                        <tbody class='client-list-contents pos_order_list'>
                                        </tbody>
                                    </table>
                                </div>
                            </div>
                        </section>
                    </div>
                </section>
            </div>
        </div>
    </t>

    <t t-name="pos_order_lines">
        <section class='subwindow'>
            <div class='subwindow-container'>
                <div class='subwindow-container-fix touch-scrollable scrollable-y'>
                    <table class='client-list'>
                        <thead>
                            <tr>
                                <th>Product</th>
                                <th>Qty</th>
                                <th>Returned Qty</th>
                                <th>Price</th>
                                <th>Sub total</th>
                                <th>Seller</th>
                            </tr>
                        </thead>
                        <tbody class='client-list-contents'>
                            <t t-foreach='lines' t-as='line'>
                                <tr class='client-line' t-att-data-id='line.id'>
                                    <td><t t-esc='widget.pos.generate_wrapped_name(line.product_id[1])[0]'/></td>
                                    <td><t t-esc='line.qty'/></td>
                                    <td><t t-esc='line.returned_qty'/> </td>
                                    <td><t t-esc='widget.format_currency(line.price_unit)'/></td>
                                    <td><t t-esc='widget.format_currency(line.price_subtotal_incl)'/></td>
                                    <td>
                                        <t t-if="line.user_id">
                                            <t t-esc="line.user_id[1]"/>
                                        </t>
                                    </td>
                                </tr>
                            </t>
                        </tbody>
                    </table>
                </div>
            </div>
        </section>
    </t>

    <t t-name="pos_order_row">
        <tr class='client-line pos_order_row' t-att-data-id='order.id'>
            <td><t t-esc='order.id'/></td>
            <td><t t-esc='order.session'/></td>
            <td><t t-esc='order.create_date'/></td>
            <td><t t-esc='order.pos_reference'/></td>
            <td><t t-esc='order.name'/></td>
            <td>
                <t t-if='order.ean13'>
                    <t t-esc='order.ean13'/>
                </t>
                <t t-if='!order.ean13'>
                    N/A
                </t>
            </td>
            <td><t t-esc='order.sale_person'/></td>
            <td>
                <t t-if="order.partner">
                    <t t-esc='order.partner.name'/>
                </t>
                <t t-if="!order.partner">
                    N/A
                </t>
            </td>
            <td><t t-esc='widget.format_currency(order.amount_total)'/></td>
            <td><t t-esc='widget.format_currency(order.amount_paid)'/></td>
            <td><t t-esc='widget.format_currency(order.amount_tax)'/></td>
            <td><t t-esc='widget.format_currency(order.amount_total - order.amount_paid)'/></td>
            <td name="state">
                <t t-if="order.state == 'draft'">Draft</t>
                <t t-if="order.state == 'cancel'">Cancelled</t>
                <t t-if="order.state == 'paid'">Paid</t>
                <t t-if="order.state == 'done'">Posted</t>
                <t t-if="order.state == 'invoiced'">Invoiced</t>
                <t t-if="order.state == 'washed'">Washed</t>
                <t t-if="order.state == 'delivery'">Delivery</t>
                <t t-if="order.state == 'delivered'">Delivered</t>
                <t t-if="order.state == 'received'">Received</t>
            </td>
            <td>
                <t t-if="order.is_returned">
                    Returned
                </t>
                <t t-if="!order.is_returned">
                    N/A
                </t>
            </td>
        </tr>
    </t>

    <t t-name="pos_order_detail">
        <div class="header">
            <t t-if="order.state == 'draft' or order.state == 'quotation'">
                <button class="btn btn-default button register_amount" title="Register Payment">
                    Register Payment
                </button>
            </t>
            <t t-if="order.state == 'paid' and order.partner">
                <button class="btn btn-danger button create_invoice" title="Create Invoice">
                    Invoice
                </button>
            </t>
            <button class="btn btn-default button reprint_order" title="RePrint Print Receipt">
                Print Receipt
            </button>
            <t t-if="order.state != 'draft' and widget.pos.config.return_products and !order.is_return">
                <button class="btn btn-danger button return_order" title="Return Order">
                    Return Order
                </button>
            </t>
            <button type="button" class="btn btn-default button refill_order">
                ReOrder
            </button>
            <a class='so_link' target='_blank' t-att-href="order.link" title="Open Order">(Open Order)</a>
        </div>
        <section class='touch-scrollable scrollable-y client-details'
                 style="max-height: 600px;min-height: 300px;height: fit-content;">
            <t t-if="order.partner_id">
                <div class='client-picture'>
                    <img t-att-src='widget.partner_icon_url(order.partner_id[0])'/>
                </div>
            </t>
            <div class='client-name'>
                <t t-if="order.name">
                    <t t-esc="order.name"/>
                </t>
                <t t-if="!order.name">
                    N/A
                </t>
            </div>
            <div class='client-details-box clearfix'>
                <div class='client-details-left'>
                    <t t-if="order.partner">
                        <div class='client-detail'>
                            <span class='label'>Customer</span>
                            <t t-esc="order.partner.name"/>
                        </div>
                        <t t-if="order.partner.email">
                            <div class='client-detail'>
                                <span class='label'>Email</span>
                                <t t-esc="order.partner.email"/>
                            </div>
                        </t>
                        <t t-if="order.partner.phone || order.partner.mobile">
                            <div class='client-detail'>
                                <span class='label'>Phone/Mobile</span>
                                <t t-esc="order.partner.phone || order.partner.mobile"/>
                            </div>
                        </t>
                    </t>
                    <div class='client-detail'>
                        <span class='label'>Ean13</span>
                        <t t-if='order.ean13'>
                            <t t-esc='order.ean13'/>
                        </t>
                        <t t-if='!order.ean13'>
                            N/A
                        </t>
                    </div>
                    <div class='client-detail'>
                        <span class='label'>Ref</span>
                        <t t-if='order.pos_reference'>
                            <t t-esc='order.pos_reference'/>
                        </t>
                        <t t-if='!order.pos_reference'>
                            N/A
                        </t>
                    </div>
                    <div class='client-detail'>
                        <span class='label'>Date</span>
                        <t t-esc='order.date_order'/>
                    </div>
                    <t t-if="order.note">
                        <div class='client-detail'>
                            <span class='label'>Note</span>
                            <t t-esc='order.note'/>
                        </div>
                    </t>
                    <t t-if="order.user_id">
                        <div class='client-detail'>
                            <span class='label'>Cashier</span>
                            <t t-esc='order.user_id[1]'/>
                        </div>
                    </t>
                    <div class='client-detail'>
                        <span class='label'>Total</span>
                         <t t-esc='widget.format_currency(order.amount_total)'/>
                    </div>
                    <div class='client-detail'>
                        <span class='label'>Tax</span>
                        <t t-esc='widget.format_currency(order.amount_tax)'/>
                    </div>
                    <div class='client-detail'>
                        <span class='label'>Paid</span>
                        <t t-esc='widget.format_currency(order.amount_paid)'/>
                    </div>
                    <div class='client-detail'>
                        <span class='label'>Debit</span>
                        <t t-esc='widget.format_currency(order.amount_total - order.amount_paid)'/>
                    </div>
                </div>
                <div class='client-details-right'>
                    <div class='client-detail'>
                        <div class='lines_detail'/>
                    </div>
                </div>
            </div>
            <div class="ribbon ribbon-top-right o_widget">
                <span>
                    <t t-if="order.state == 'draft'">Draft</t>
                    <t t-if="order.state == 'quotation'">Quotation</t>
                    <t t-if="order.state == 'cancel'">Cancelled</t>
                    <t t-if="order.state == 'paid'">Paid</t>
                    <t t-if="order.state == 'done'">Posted</t>
                    <t t-if="order.state == 'invoiced'">Invoiced</t>
                </span>
            </div>
        </section>
    </t>


</templates>
