<?xml version="1.0" encoding="UTF-8"?>
<templates id="template" xml:space="preserve">

    <t t-name="SideBar">
        <div class="sidebar" data-color="rose" data-background-color="black" data-image="../assets/img/sidebar-1.jpg">
          <!--
            Tip 1: You can change the color of the sidebar using: data-color="purple | azure | green | orange | danger"

            Tip 2: you can also add an image using data-image tag
        -->
            <div class="logo"><a href="http://www.creative-tim.com" class="simple-text logo-mini">
              CT
            </a>
                <a href="http://www.creative-tim.com" class="simple-text logo-normal">
              Creative Tim
            </a></div>
            <div class="sidebar-wrapper">
            <div class="user">
              <div class="photo">
                <img src="../assets/img/faces/avatar.jpg"/>
              </div>
                <div class="user-info">
                <a data-toggle="collapse" href="#collapseExample" class="username">
                  <span>
                    Tania Andrew
                    <b class="caret"></b>
                  </span>
                </a>
                    <div class="collapse" id="collapseExample">
                  <ul class="nav">
                    <li class="nav-item">
                      <a class="nav-link" href="#">
                        <span class="sidebar-mini"> MP </span>
                          <span class="sidebar-normal"> My Profile </span>
                      </a>
                    </li>
                      <li class="nav-item">
                      <a class="nav-link" href="#">
                        <span class="sidebar-mini"> EP </span>
                          <span class="sidebar-normal"> Edit Profile </span>
                      </a>
                    </li>
                      <li class="nav-item">
                      <a class="nav-link" href="#">
                        <span class="sidebar-mini"> S </span>
                          <span class="sidebar-normal"> Settings </span>
                      </a>
                    </li>
                  </ul>
                </div>
              </div>
            </div>
                <form class="navbar-form">
                  <span class="bmd-form-group is-focused"><div class="input-group no-border input-group-focus">
                    <input type="text" value="" class="form-control" placeholder="Search..."/>
                    <button type="submit" class="btn btn-white btn-round btn-just-icon">
                      <i class="material-icons">search</i>
                        <div class="ripple-container"></div>
                    </button>
                  </div></span>
                </form>
                <ul class="nav navbar-nav nav-mobile-menu">
                  <li class="nav-item">
                    <a class="nav-link" href="javascript:;">
                      <i class="material-icons">dashboard</i>
                        <p class="d-lg-none d-md-block">
                        Stats
                      </p>
                        <div class="ripple-container"></div></a>
                  </li>
                    <li class="nav-item dropdown">
                    <a class="nav-link" href="http://example.com" id="navbarDropdownMenuLink" data-toggle="dropdown"
                       aria-haspopup="true" aria-expanded="false">
                      <i class="material-icons">notifications</i>
                        <span class="notification">5</span>
                        <p class="d-lg-none d-md-block">
                        Some Actions
                      </p>
                        <div class="ripple-container"></div></a>
                        <div class="dropdown-menu dropdown-menu-right" aria-labelledby="navbarDropdownMenuLink">
                      <a class="dropdown-item" href="#">Mike John responded to your email</a>
                            <a class="dropdown-item" href="#">You have 5 new tasks</a>
                            <a class="dropdown-item" href="#">You're now friend with Andrew</a>
                            <a class="dropdown-item" href="#">Another Notification</a>
                            <a class="dropdown-item" href="#">Another One</a>
                    </div>
                  </li>
                    <li class="nav-item dropdown">
                    <a class="nav-link" href="javascript:;" id="navbarDropdownProfile" data-toggle="dropdown"
                       aria-haspopup="true" aria-expanded="false">
                      <i class="material-icons">person</i>
                        <p class="d-lg-none d-md-block">
                        Account
                      </p>
                        <div class="ripple-container"></div></a>
                        <div class="dropdown-menu dropdown-menu-right" aria-labelledby="navbarDropdownProfile">
                      <a class="dropdown-item" href="#">Profile</a>
                            <a class="dropdown-item" href="#">Settings</a>
                            <div class="dropdown-divider"></div>
                            <a class="dropdown-item" href="#">Log out</a>
                    </div>
                  </li>
                </ul>
                <ul class="nav">
              <li class="nav-item ">
                <a class="nav-link" href="../examples/dashboard.html">
                  <i class="material-icons">dashboard</i>
                    <p> Dashboard </p>
                </a>
              </li>
                    <li class="nav-item ">
                <a class="nav-link collapsed" data-toggle="collapse" href="#pagesExamples" aria-expanded="false">
                  <i class="material-icons">image</i>
                    <p> Pages
                    <b class="caret"></b>
                  </p>
                </a>
                        <div class="collapse" id="pagesExamples" style="">
                  <ul class="nav">
                    <li class="nav-item ">
                      <a class="nav-link" href="../examples/pages/pricing.html">
                        <span class="sidebar-mini"> P </span>
                          <span class="sidebar-normal"> Pricing </span>
                      </a>
                    </li>
                      <li class="nav-item ">
                      <a class="nav-link" href="../examples/pages/rtl.html">
                        <span class="sidebar-mini"> RS </span>
                          <span class="sidebar-normal"> RTL Support </span>
                      </a>
                    </li>
                      <li class="nav-item ">
                      <a class="nav-link" href="../examples/pages/timeline.html">
                        <span class="sidebar-mini"> T </span>
                          <span class="sidebar-normal"> Timeline </span>
                      </a>
                    </li>
                      <li class="nav-item ">
                      <a class="nav-link" href="../examples/pages/login.html">
                        <span class="sidebar-mini"> LP </span>
                          <span class="sidebar-normal"> Login Page </span>
                      </a>
                    </li>
                      <li class="nav-item ">
                      <a class="nav-link" href="../examples/pages/register.html">
                        <span class="sidebar-mini"> RP </span>
                          <span class="sidebar-normal"> Register Page </span>
                      </a>
                    </li>
                      <li class="nav-item ">
                      <a class="nav-link" href="../examples/pages/lock.html">
                        <span class="sidebar-mini"> LSP </span>
                          <span class="sidebar-normal"> Lock Screen Page </span>
                      </a>
                    </li>
                      <li class="nav-item ">
                      <a class="nav-link" href="../examples/pages/user.html">
                        <span class="sidebar-mini"> UP </span>
                          <span class="sidebar-normal"> User Profile </span>
                      </a>
                    </li>
                      <li class="nav-item ">
                      <a class="nav-link" href="../examples/pages/error.html">
                        <span class="sidebar-mini"> E </span>
                          <span class="sidebar-normal"> Error Page </span>
                      </a>
                    </li>
                  </ul>
                </div>
              </li>
                    <li class="nav-item ">
                <a class="nav-link collapsed" data-toggle="collapse" href="#componentsExamples" aria-expanded="false">
                  <i class="material-icons">apps</i>
                    <p> Components
                    <b class="caret"></b>
                  </p>
                </a>
                        <div class="collapse" id="componentsExamples" style="">
                  <ul class="nav">
                    <li class="nav-item ">
                      <a class="nav-link" data-toggle="collapse" href="#componentsCollapse">
                        <span class="sidebar-mini"> MLT </span>
                          <span class="sidebar-normal"> Multi Level Collapse
                          <b class="caret"></b>
                        </span>
                      </a>
                        <div class="collapse" id="componentsCollapse">
                        <ul class="nav">
                          <li class="nav-item ">
                            <a class="nav-link" href="#0">
                              <span class="sidebar-mini"> E </span>
                                <span class="sidebar-normal"> Example </span>
                            </a>
                          </li>
                        </ul>
                      </div>
                    </li>
                      <li class="nav-item ">
                      <a class="nav-link" href="../examples/components/buttons.html">
                        <span class="sidebar-mini"> B </span>
                          <span class="sidebar-normal"> Buttons </span>
                      </a>
                    </li>
                      <li class="nav-item ">
                      <a class="nav-link" href="../examples/components/grid.html">
                        <span class="sidebar-mini"> GS </span>
                          <span class="sidebar-normal"> Grid System </span>
                      </a>
                    </li>
                      <li class="nav-item ">
                      <a class="nav-link" href="../examples/components/panels.html">
                        <span class="sidebar-mini"> P </span>
                          <span class="sidebar-normal"> Panels </span>
                      </a>
                    </li>
                      <li class="nav-item ">
                      <a class="nav-link" href="../examples/components/sweet-alert.html">
                        <span class="sidebar-mini"> SA </span>
                          <span class="sidebar-normal"> Sweet Alert </span>
                      </a>
                    </li>
                      <li class="nav-item ">
                      <a class="nav-link" href="../examples/components/notifications.html">
                        <span class="sidebar-mini"> N </span>
                          <span class="sidebar-normal"> Notifications </span>
                      </a>
                    </li>
                      <li class="nav-item ">
                      <a class="nav-link" href="../examples/components/icons.html">
                        <span class="sidebar-mini"> I </span>
                          <span class="sidebar-normal"> Icons </span>
                      </a>
                    </li>
                      <li class="nav-item ">
                      <a class="nav-link" href="../examples/components/typography.html">
                        <span class="sidebar-mini"> T </span>
                          <span class="sidebar-normal"> Typography </span>
                      </a>
                    </li>
                  </ul>
                </div>
              </li>
                    <li class="nav-item ">
                <a class="nav-link collapsed" data-toggle="collapse" href="#formsExamples" aria-expanded="false">
                  <i class="material-icons">content_paste</i>
                    <p> Forms
                    <b class="caret"></b>
                  </p>
                </a>
                        <div class="collapse" id="formsExamples" style="">
                  <ul class="nav">
                    <li class="nav-item ">
                      <a class="nav-link" href="../examples/forms/regular.html">
                        <span class="sidebar-mini"> RF </span>
                          <span class="sidebar-normal"> Regular Forms </span>
                      </a>
                    </li>
                      <li class="nav-item ">
                      <a class="nav-link" href="../examples/forms/extended.html">
                        <span class="sidebar-mini"> EF </span>
                          <span class="sidebar-normal"> Extended Forms </span>
                      </a>
                    </li>
                      <li class="nav-item ">
                      <a class="nav-link" href="../examples/forms/validation.html">
                        <span class="sidebar-mini"> VF </span>
                          <span class="sidebar-normal"> Validation Forms </span>
                      </a>
                    </li>
                      <li class="nav-item ">
                      <a class="nav-link" href="../examples/forms/wizard.html">
                        <span class="sidebar-mini"> W </span>
                          <span class="sidebar-normal"> Wizard </span>
                      </a>
                    </li>
                  </ul>
                </div>
              </li>
                    <li class="nav-item ">
                <a class="nav-link collapsed" data-toggle="collapse" href="#tablesExamples" aria-expanded="false">
                  <i class="material-icons">grid_on</i>
                    <p> Tables
                    <b class="caret"></b>
                  </p>
                </a>
                        <div class="collapse" id="tablesExamples" style="">
                  <ul class="nav">
                    <li class="nav-item ">
                      <a class="nav-link" href="../examples/tables/regular.html">
                        <span class="sidebar-mini"> RT </span>
                          <span class="sidebar-normal"> Regular Tables </span>
                      </a>
                    </li>
                      <li class="nav-item ">
                      <a class="nav-link" href="../examples/tables/extended.html">
                        <span class="sidebar-mini"> ET </span>
                          <span class="sidebar-normal"> Extended Tables </span>
                      </a>
                    </li>
                      <li class="nav-item ">
                      <a class="nav-link" href="../examples/tables/datatables.net.html">
                        <span class="sidebar-mini"> DT </span>
                          <span class="sidebar-normal"> DataTables.net </span>
                      </a>
                    </li>
                  </ul>
                </div>
              </li>
                    <li class="nav-item ">
                <a class="nav-link collapsed" data-toggle="collapse" href="#mapsExamples" aria-expanded="false">
                  <i class="material-icons">place</i>
                    <p> Maps
                    <b class="caret"></b>
                  </p>
                </a>
                        <div class="collapse" id="mapsExamples" style="">
                  <ul class="nav">
                    <li class="nav-item ">
                      <a class="nav-link" href="../examples/maps/google.html">
                        <span class="sidebar-mini"> GM </span>
                          <span class="sidebar-normal"> Google Maps </span>
                      </a>
                    </li>
                      <li class="nav-item ">
                      <a class="nav-link" href="../examples/maps/fullscreen.html">
                        <span class="sidebar-mini"> FSM </span>
                          <span class="sidebar-normal"> Full Screen Map </span>
                      </a>
                    </li>
                      <li class="nav-item ">
                      <a class="nav-link" href="../examples/maps/vector.html">
                        <span class="sidebar-mini"> VM </span>
                          <span class="sidebar-normal"> Vector Map </span>
                      </a>
                    </li>
                  </ul>
                </div>
              </li>
                    <li class="nav-item active ">
                <a class="nav-link" href="../examples/widgets.html">
                  <i class="material-icons">widgets</i>
                    <p> Widgets </p>
                </a>
              </li>
                    <li class="nav-item ">
                <a class="nav-link" href="../examples/charts.html">
                  <i class="material-icons">timeline</i>
                    <p> Charts </p>
                </a>
              </li>
                    <li class="nav-item ">
                <a class="nav-link" href="../examples/calendar.html">
                  <i class="material-icons">date_range</i>
                    <p> Calendar </p>
                </a>
              </li>
            </ul>
          </div>
            <div class="sidebar-background" style="background-image: url(../assets/img/sidebar-1.jpg) "></div></div>

    </t>
</templates>
