<?xml version="1.0" encoding="UTF-8"?>
<templates id="template" xml:space="preserve">

    <t t-name="popup_print_voucher">
        <div class="modal-dialog">
            <div class="popup touch-scrollable scrollable-y"
                style="max-height: 600px;min-height: 300px;height: fit-content;">
                <div class="card">
                    <div class="card-content">
                        <h4 class="card-title">
                            <t t-if="widget.options">
                                <t t-esc="widget.options.title"/>
                            </t>
                        </h4>
                        <div class="client-details-box clearfix">
                            <div class="client-details-left">
                                <div class="row">
                                    <span class='label voucher-label'>Card number</span>
                                    <t t-if="widget.selected_line">
                                        <t t-if="widget.selected_line.voucher">
                                            <input class="form-control field input_required"
                                                   name="number"
                                                   t-att-value="widget.selected_line.voucher ? widget.selected_line.voucher.number : ''"
                                                   type="text"
                                                   required="true"/>
                                        </t>
                                        <t t-else="">
                                            <input class="form-control field input_required"
                                                   name="number"
                                                   t-att-value="widget.selected_line.uid"
                                                   type="text"
                                                   required="true"/>
                                        </t>
                                    </t>
                                    <t t-else="">
                                        <input class="form-control field input_required"
                                               name="number"
                                               type="text"
                                               required="true"/>
                                    </t>
                                </div>
                                <div class="row">
                                    <span class='label voucher-label'>Period days</span>
                                    <t t-if="widget.selected_line">
                                        <input class="form-control field input_required"
                                               type="number"
                                               name="period_days"
                                               t-att-value="widget.selected_line.voucher ? widget.selected_line.voucher.period_days : widget.pos.config.expired_days_voucher"
                                               required="true"/>
                                    </t>
                                    <t t-else="">
                                        <input class="form-control field input_required"
                                               type="number"
                                               t-att-value="widget.pos.config.expired_days_voucher"
                                               name="period_days"
                                               required="true"/>
                                    </t>
                                </div>
                            </div>
                            <div class="client-details-right">
                                <t t-if="widget.selected_line and widget.selected_line.voucher">
                                    <div class="row">
                                        <span class='label voucher-label'>Type of Voucher</span>
                                        <select class='form-control field input_required' name="apply_type">
                                            <option value="fixed_amount"
                                                    t-att-selected="widget.selected_line.voucher['apply_type'] ? ((widget.selected_line.voucher['apply_type'] === 'fixed_amount') ? true : undefined) : undefined">Fixed amount</option>
                                            <option value="percent"
                                                    t-att-selected="widget.selected_line.voucher['apply_type'] ? ((widget.selected_line.voucher['apply_type'] === 'percent') ? true : undefined) : undefined">Percent (%)</option>
                                        </select>
                                    </div>
                                    <div class="row">
                                        <span class='label voucher-label'>Apply to</span>
                                        <select class='form-control field input_required' name="method">
                                            <option value="general"
                                                    t-att-selected="widget.selected_line.voucher['method'] ? ((widget.selected_line.voucher['method'] === 'general') ? true : undefined) : undefined">All Customers</option>
                                            <option value="special_customer"
                                                    t-att-selected="widget.selected_line.voucher['method'] ? ((widget.selected_line.voucher['method'] === 'special_customer') ? true : undefined) : undefined">Special Customer</option>
                                        </select>
                                    </div>
                                </t>
                                <t t-else="">
                                    <div class="row">
                                        <span class='label voucher-label'>Type of Voucher</span>
                                        <select class='form-control field input_required' name="apply_type">
                                            <option value="fixed_amount">Fixed amount</option>
                                            <option value="percent">Percent (%)</option>
                                        </select>
                                    </div>
                                    <div class="row">
                                        <span class='label voucher-label'>Apply to</span>
                                        <select class='form-control field input_required' name="method">
                                            <option value="general">All Customers</option>
                                            <option value="special_customer">Special Customer</option>
                                        </select>
                                    </div>
                                </t>
                                <div class="row">
                                    <span class='label voucher-label'>Amount (or %)</span>
                                    <t t-if="widget.selected_line and widget.selected_line.voucher">
                                        <input class="form-control field input_required"
                                               t-att-value="widget.selected_line.voucher.value"
                                               type="number"
                                               name="value"/>
                                    </t>
                                    <t t-if="widget.selected_line and !widget.selected_line.voucher">
                                        <input class="form-control field input_required"
                                               t-att-value="widget.selected_line.get_price_with_tax()"
                                               type="number"
                                               name="value"/>
                                    </t>
                                    <t t-if="!widget.selected_line">
                                        <input class="form-control field input_required"
                                               type="number"
                                               name="value"/>
                                    </t>
                                </div>
                            </div>
                        </div>
                        <span class="card-issue"/>
                        <div class="form-footer text-center">
                            <div class="btn btn-success pull-right confirm">
                                <i class="fa fa-save"/>
                                Save
                                <i class='fa fa-keyboard'/>
                                (Enter)
                            </div>
                            <div class="btn btn-danger pull-left cancel">
                                Remove Voucher <i class='fa fa-keyboard'/>
                                (Esc)
                             </div>
                        </div>
                    </div>
                </div>
            </div>
        </div>
    </t>

    <t t-name="voucher_ticket_html">
        <div class="pos-receipt">
            <t t-if='company.logo'>
                <t t-if="pos.company_logo_base64">
                    <div class="pos-receipt-logo">
                        <img t-att-src='pos.company_logo_base64' class="shop_logo"/>
                    </div>
                </t>
            </t>
            <t t-if='!company.logo'>
                <h1><t t-esc='company.name' /></h1>
            </t>
            <div class="pos-center-align"><h4><br/><t t-esc='voucher.number'/></h4></div>
            <div class="pos-center-align">
                <div font='b'>
                <t t-if='company'>
                    <t t-if="company.contact_address">
                        <div>Address:<t t-esc='company.contact_address'/></div>
                    </t>
                    <t t-if="company.contact_address">
                        <div>Tel:<t t-esc='company.phone'/></div>
                    </t>
                    <t t-if="company.contact_address">
                        <div>VAT:<t t-esc='company.vat'/></div>
                    </t>
                    <t t-if="company.contact_address">
                        <div>Email:<t t-esc='company.email'/></div>
                    </t>
                    <t t-if="company.contact_address">
                        <div>Website: <t t-esc='company.website'/></div>
                    </t>
                </t>
                    <t t-if='cashier'>
                    <div class='cashier'>
                        <div>Created by: <t t-esc="cashier['name']"/></div>
                    </div>
                </t>
                    <t t-if='voucher.partner_name'>
                    <div class='cashier'>
                        <div><h3><t t-esc='voucher.partner_name' /></h3></div>
                    </div>
                </t>
                    <t>
                    <div class='cashier'>
                        <div>Please keep Your Secret Voucher Code Safe</div>
                    </div>
                </t>
                    <img t-if="voucher.code" t-att-src="voucher.url_barcode" style="width:200px;height:80px;"/>
                    <t t-if="voucher.apply_type">
                    <div class='cashier'>
                        <div> Voucher Amount :
                            <t t-if="voucher.apply_type == 'fixed_amount'">
                                <t t-esc="pos.gui.chrome.format_currency(voucher.value)"/>
                            </t>
                            <t t-if="voucher.apply_type == 'percent'">
                                <t t-esc="voucher.value"/>
                                (%)
                            </t>
                        </div>
                    </div>
                </t>
                    <t t-if="voucher.method">
                    <div class='cashier'>
                        Special Method:
                        <t t-if="voucher.method == 'general'">
                            Anybody Can Use
                        </t>
                        <t t-if="voucher.method == 'special_customer'">
                            Only You can Use
                        </t>
                    </div>
                </t>
                    <t t-if="voucher.end_date">
                    <div class='cashier'>
                        <div>Expired Date:  <t t-esc='voucher.end_date'/></div>
                    </div>
                </t>
                    <div class='cashier' style="text-algin: center">
                    <h3><div>Thanks you.</div></h3>
                </div>
            </div>
            </div>
        </div>
    </t>

    <t t-name="button_print_voucher">
        <div class="launchpad-app-container">
            <a>
                <div class="launchpad-app-icon">
                    <img src="/pos_retail/static/src/icons/printer.png" width="100%"/>
                </div>
                <div class="launchpad-app-label">
                    Create Voucher Manual
                </div>
            </a>
        </div>
    </t>

</templates>
